seed,initial_objective_value,best_objective_value,delta_abs_vs_baseline,delta_pct_vs_baseline,iterations,evaluations,runtime_seconds,accepted_iterations,improvement_iterations,stopping_reason,final_perturbation_strength,seed_dir,profile_total_runtime_s,profile_initial_eval_s,profile_initial_local_search_s,profile_iteration_perturbation_s,profile_iteration_candidate_eval_s,profile_iteration_local_search_s,profile_iteration_acceptance_update_s,profile_iteration_bookkeeping_s,profile_iteration_logging_s,profile_evaluation_build_final_matrix_s,profile_evaluation_objective_only_s,profile_evaluation_total_s,profile_evaluation_calls,profile_evaluation_avg_s,profile_local_search_calls
182,55.0974,58.01519999999999,4.0116999999999905,7.428592591220921,219,29306,74.04025570605882,18,18,max_no_improve,18,/var/tmp/anderson_oliveira/wqi-metaheuristics/results/ils/av_paulista/athlete/dataset_hex177_impacts4998/run_20260602_150138_budget100_seeds100/seed_runs/seed_000182,74.04025570605882,0.006354914046823978,0.33274506498128176,0.3179460563696921,0.5204728257376701,72.84961341205053,0.0010289684869349003,0.002965363906696439,0.0028059992473572493,53.918539428384975,16.709070274839178,70.62760970322415,29306,0.0024100051082789923,220
57,55.8862,58.278600000000004,4.275100000000002,7.916338755821386,206,27550,70.25328880990855,23,23,max_no_improve,18,/var/tmp/anderson_oliveira/wqi-metaheuristics/results/ils/av_paulista/athlete/dataset_hex177_impacts4998/run_20260602_150138_budget100_seeds100/seed_runs/seed_000057,70.25328880990855,0.006170592969283462,0.13766846898943186,0.30279043805785477,0.49612385500222445,69.29784329934046,0.0009697682689875364,0.0026816248428076506,0.0030715984757989645,51.29561642068438,15.692943529691547,66.98855995037593,27550,0.0024315266769646435,207
7217,55.440999999999995,58.712,4.708500000000001,8.718879331895156,114,14406,37.04837605706416,13,13,max_no_improve,18,/var/tmp/anderson_oliveira/wqi-metaheuristics/results/ils/av_paulista/athlete/dataset_hex177_impacts4998/run_20260602_150138_budget100_seeds100/seed_runs/seed_007217,37.04837605706416,0.00609385990537703,0.24285863200202584,0.17677849647589028,0.28012872976250947,36.334445759654045,0.0005746218375861645,0.0017083869315683842,0.0017382863443344831,26.85938277305104,8.456014920724556,35.315397693775594,14406,0.0024514367412033595,115
395,56.488,58.771699999999996,4.768199999999993,8.829427722277247,155,19018,49.5455157761462,21,21,max_no_improve,18,/var/tmp/anderson_oliveira/wqi-metaheuristics/results/ils/av_paulista/athlete/dataset_hex177_impacts4998/run_20260602_150138_budget100_seeds100/seed_runs/seed_000395,49.5455157761462,0.006341847125440836,0.21187716606073081,0.23832470690831542,0.38329830789007246,48.69492642348632,0.000837425235658884,0.0022928807884454727,0.002645796863362193,36.32481940323487,10.886990003986284,47.21180940722115,19018,0.0024824802506689006,156
2949,54.9666,57.8585,3.854999999999997,7.13842621311581,129,16962,43.29099753405899,17,17,max_no_improve,18,/var/tmp/anderson_oliveira/wqi-metaheuristics/results/ils/av_paulista/athlete/dataset_hex177_impacts4998/run_20260602_150138_budget100_seeds100/seed_runs/seed_002949,43.29099753405899,0.006287476979196072,0.13536695903167129,0.1984116828534752,0.31714742654003203,42.624384419294074,0.0007140364032238722,0.002108294051140547,0.0021334169432520866,31.467059367336333,9.757690867874771,41.224750235211104,16962,0.002430418007028128,130
2177,54.5864,58.00679999999999,4.003299999999989,7.413038043830472,120,14912,37.674563268898055,22,22,max_no_improve,18,/var/tmp/anderson_oliveira/wqi-metaheuristics/results/ils/av_paulista/athlete/dataset_hex177_impacts4998/run_20260602_150138_budget100_seeds100/seed_runs/seed_002177,37.674563268898055,0.006154248025268316,0.13672058400698006,0.18085837806575,0.2891044698189944,37.05216375249438,0.0006817285902798176,0.0020154789090156555,0.002566718263551593,27.259685463970527,8.620844516903162,35.88052998087369,14912,0.0024061514203912076,121
4854,54.95660000000001,57.94660000000001,3.9431000000000083,7.301563787532305,208,25145,64.1873375501018,20,20,max_no_improve,18,/var/tmp/anderson_oliveira/wqi-metaheuristics/results/ils/av_paulista/athlete/dataset_hex177_impacts4998/run_20260602_150138_budget100_seeds100/seed_runs/seed_004854,64.1873375501018,0.006225120974704623,0.19714444293640554,0.3002340258099139,0.5214555331040174,63.14912354690023,0.0009880801662802696,0.002811495214700699,0.003166425973176956,46.48762049572542,14.664471596479416,61.15209209220484,25145,0.002431978210069789,209
1356,56.3603,58.8619,4.858399999999996,8.996453933541336,205,28074,72.69713276904076,19,19,max_no_improve,18,/var/tmp/anderson_oliveira/wqi-metaheuristics/results/ils/av_paulista/athlete/dataset_hex177_impacts4998/run_20260602_150138_budget100_seeds100/seed_runs/seed_001356,72.69713276904076,0.006402488797903061,0.2631584429182112,0.32965812063775957,0.5033214120194316,71.5820846252609,0.0009479315485805273,0.002628960879519582,0.003016155678778887,53.649482432054356,15.703297195956111,69.35277962801047,28074,0.002470356188217228,206
3557,55.4277,58.28999999999999,4.2864999999999895,7.937448498708397,246,30008,82.95886541600339,26,26,max_evaluations,12,/var/tmp/anderson_oliveira/wqi-metaheuristics/results/ils/av_paulista/athlete/dataset_hex177_impacts4998/run_20260602_150138_budget100_seeds100/seed_runs/seed_003557,82.95886541600339,0.006227988051250577,0.23755457997322083,0.3695449896622449,0.6425670436583459,81.68875116691925,0.0010933566372841597,0.0030320684891194105,0.003394653555005789,62.678269597003236,16.49472266389057,79.1729922608938,30008,0.002638396169717869,247
3801,54.9999,58.3895,4.385999999999996,8.121695816011917,234,30026,80.4622763870284,23,23,max_evaluations,17,/var/tmp/anderson_oliveira/wqi-metaheuristics/results/ils/av_paulista/athlete/dataset_hex177_impacts4998/run_20260602_150138_budget100_seeds100/seed_runs/seed_003801,80.4622763870284,0.006239135982468724,0.251881152857095,0.3725256994366646,0.5967571237124503,79.22113311453722,0.0010603319387882948,0.0030465652234852314,0.0031832274980843067,60.023111167829484,16.72792541165836,76.75103657948785,30026,0.002556152553769661,235
9674,55.1278,59.2295,5.225999999999999,9.677150555056615,227,30041,84.38714302401058,25,25,max_evaluations,14,/var/tmp/anderson_oliveira/wqi-metaheuristics/results/ils/av_paulista/athlete/dataset_hex177_impacts4998/run_20260602_150138_budget100_seeds100/seed_runs/seed_009674,84.38714302401058,0.006306100869551301,0.3486659210175276,0.3728776185307652,0.5984639881644398,83.04625700530596,0.0010811134707182646,0.0032097536604851484,0.0036966039333492517,63.05536914779805,17.416504230583087,80.47187337838113,30041,0.0026787348416624323,228
516,54.48330000000001,57.79169999999999,3.788199999999989,7.014730526725099,201,27826,74.58962231897749,22,22,max_no_improve,18,/var/tmp/anderson_oliveira/wqi-metaheuristics/results/ils/av_paulista/athlete/dataset_hex177_impacts4998/run_20260602_150138_budget100_seeds100/seed_runs/seed_000516,74.58962231897749,0.006178330164402723,0.2200672458857298,0.3211528193205595,0.5107998012099415,73.51852545328438,0.0009486749768257141,0.0028931431006640196,0.003184086875990033,55.495300446404144,15.681798716075718,71.17709916247986,27826,0.0025579349946984785,202
4089,55.4392,58.6833,4.6798,8.665734628311128,133,16113,41.42092805309221,16,16,max_no_improve,18,/var/tmp/anderson_oliveira/wqi-metaheuristics/results/ils/av_paulista/athlete/dataset_hex177_impacts4998/run_20260602_150138_budget100_seeds100/seed_runs/seed_004089,41.42092805309221,0.006398308090865612,0.3103975879494101,0.20212810137309134,0.3260119454935193,40.565662109758705,0.0007765574846416712,0.002337223384529352,0.0021895195823162794,29.81606451049447,9.578515748493373,39.394580258987844,16113,0.0024448942008929338,134
4937,54.8874,58.132400000000004,4.128900000000002,7.645615561954321,158,21179,53.55734301987104,21,21,max_no_improve,18,/var/tmp/anderson_oliveira/wqi-metaheuristics/results/ils/av_paulista/athlete/dataset_hex177_impacts4998/run_20260602_150138_budget100_seeds100/seed_runs/seed_004937,53.55734301987104,0.006467945873737335,0.3506567240692675,0.22962386650033295,0.3769722250290215,52.58118781261146,0.0008926449809223413,0.0026911702007055283,0.002983542624861002,38.61755301523954,12.43063920084387,51.04819221608341,21179,0.0024103211773966386,159
9998,55.7277,58.529500000000006,4.526000000000003,8.38093827251938,195,26354,67.54463517898694,22,22,max_no_improve,18,/var/tmp/anderson_oliveira/wqi-metaheuristics/results/ils/av_paulista/athlete/dataset_hex177_impacts4998/run_20260602_150138_budget100_seeds100/seed_runs/seed_009998,67.54463517898694,0.006402238039299846,0.25944315013475716,0.2981047222856432,0.48397552594542503,66.48402326693758,0.0009883060120046139,0.0028945705853402615,0.002987494459375739,49.16948870383203,15.210260092979297,64.37974879681133,26354,0.0024428833876000353,196
3129,55.494600000000005,57.8701,3.8665999999999983,7.159906302369288,165,20645,52.28387130377814,17,17,max_no_improve,18,/var/tmp/anderson_oliveira/wqi-metaheuristics/results/ils/av_paulista/athlete/dataset_hex177_impacts4998/run_20260602_150138_budget100_seeds100/seed_runs/seed_003129,52.28387130377814,0.00635793711990118,0.2921690831426531,0.2378576814662665,0.3974217737559229,51.337684385245666,0.0008585108444094658,0.002601408865302801,0.003494033357128501,37.68667563633062,12.151556973811239,49.83823261014186,20645,0.002414058251883839,166
2887,55.4345,58.19890000000001,4.1954000000000065,7.768755728795368,139,17112,43.115155786974356,15,15,max_no_improve,18,/var/tmp/anderson_oliveira/wqi-metaheuristics/results/ils/av_paulista/athlete/dataset_hex177_impacts4998/run_20260602_150138_budget100_seeds100/seed_runs/seed_002887,43.115155786974356,0.006132842041552067,0.2461122521199286,0.2042364296503365,0.32995334174484015,42.31912060896866,0.0006776018999516964,0.0020864850375801325,0.002145534846931696,31.12188380979933,9.940030217636377,41.061914027435705,17112,0.002399597593936168,140
7411,56.239399999999996,58.7692,4.765699999999995,8.82479839269676,146,18029,46.167511630104855,16,16,max_no_improve,18,/var/tmp/anderson_oliveira/wqi-metaheuristics/results/ils/av_paulista/athlete/dataset_hex177_impacts4998/run_20260602_150138_budget100_seeds100/seed_runs/seed_007411,46.167511630104855,0.006123263854533434,0.384479490108788,0.2127212230116129,0.3550712901633233,45.19895934010856,0.0007188622839748859,0.0020939151290804148,0.002426156774163246,33.31696450919844,10.684750476386398,44.00171498558484,18029,0.0024406076313486518,147
3764,55.2962,57.5903,3.5867999999999967,6.641791735720826,106,11660,29.880711963865906,13,13,max_no_improve,18,/var/tmp/anderson_oliveira/wqi-metaheuristics/results/ils/av_paulista/athlete/dataset_hex177_impacts4998/run_20260602_150138_budget100_seeds100/seed_runs/seed_003764,29.880711963865906,0.006479320116341114,0.15881751105189323,0.1634410535916686,0.26779711013659835,29.27623941935599,0.0005436474457383156,0.0016828267835080624,0.001563078723847866,21.57065408444032,6.846839362056926,28.417493446497247,11660,0.002437177825600107,107
6307,55.3202,57.6361,3.6325999999999965,6.726601053635406,153,18435,46.37254455103539,14,14,max_no_improve,18,/var/tmp/anderson_oliveira/wqi-metaheuristics/results/ils/av_paulista/athlete/dataset_hex177_impacts4998/run_20260602_150138_budget100_seeds100/seed_runs/seed_006307,46.37254455103539,0.006168527994304895,0.18958366406150162,0.2298628578428179,0.36541015678085387,45.571812946815044,0.0007381788454949856,0.0021639626938849688,0.0020384802483022213,33.49584008543752,10.670779494568706,44.16661958000623,18435,0.0023958025267158244,154
4141,55.6301,58.6222,4.618699999999997,8.552593813363941,156,19608,49.66081191599369,19,19,max_no_improve,18,/var/tmp/anderson_oliveira/wqi-metaheuristics/results/ils/av_paulista/athlete/dataset_hex177_impacts4998/run_20260602_150138_budget100_seeds100/seed_runs/seed_004141,49.66081191599369,0.006204009056091309,0.16172434715554118,0.2257032860070467,0.3842282104305923,48.870518466923386,0.001000865362584591,0.00286349980160594,0.002841882174834609,35.701441189972684,11.590419373707846,47.29186056368053,19608,0.0024118655938229565,157
8694,55.5994,57.998200000000004,3.9947000000000017,7.397113150073609,121,14961,37.804484327789396,13,13,max_no_improve,18,/var/tmp/anderson_oliveira/wqi-metaheuristics/results/ils/av_paulista/athlete/dataset_hex177_impacts4998/run_20260602_150138_budget100_seeds100/seed_runs/seed_008694,37.804484327789396,0.006194876041263342,0.23999565397389233,0.18061519181355834,0.29391274065710604,37.07529817079194,0.0005947838071733713,0.001830404158681631,0.0018553093541413546,27.422445106785744,8.602176163345575,36.02462127013132,14961,0.002407901963112848,122
3415,55.5368,58.635400000000004,4.631900000000002,8.577036673548939,155,20588,51.69596217898652,21,21,max_no_improve,18,/var/tmp/anderson_oliveira/wqi-metaheuristics/results/ils/av_paulista/athlete/dataset_hex177_impacts4998/run_20260602_150138_budget100_seeds100/seed_runs/seed_003415,51.69596217898652,0.006191364023834467,0.16213224595412612,0.22133501153439283,0.3694507088512182,50.92558220424689,0.0008250945247709751,0.002374257892370224,0.002880916465073824,37.29775511031039,11.972024343907833,49.269779454218224,20588,0.0023931309235582974,156
1149,55.2436,58.07600000000001,4.072500000000005,7.541177886618469,169,21882,55.20746797695756,19,19,max_no_improve,18,/var/tmp/anderson_oliveira/wqi-metaheuristics/results/ils/av_paulista/athlete/dataset_hex177_impacts4998/run_20260602_150138_budget100_seeds100/seed_runs/seed_001149,55.20746797695756,0.006309304153546691,0.29371445206925273,0.23598815337754786,0.410570977255702,54.2490040352568,0.0009204279631376266,0.0027327092830091715,0.002456332789734006,39.8523388619069,12.764926756266505,52.617265618173406,21882,0.0024045912447753135,170
7946,55.55210000000001,58.6061,4.602599999999995,8.522780930865583,189,24582,62.438075659098104,19,19,max_no_improve,18,/var/tmp/anderson_oliveira/wqi-metaheuristics/results/ils/av_paulista/athlete/dataset_hex177_impacts4998/run_20260602_150138_budget100_seeds100/seed_runs/seed_007946,62.438075659098104,0.005996935069561005,0.18061699508689344,0.28825202700681984,0.4571069485973567,61.493757030693814,0.0009393519721925259,0.002693034242838621,0.0026660861913114786,45.5714051539544,13.94968460034579,59.52108975430019,24582,0.0024213281976364896,190
3459,55.3927,58.500600000000006,4.497100000000003,8.327423222568914,178,23546,59.81992990197614,20,20,max_no_improve,18,/var/tmp/anderson_oliveira/wqi-metaheuristics/results/ils/av_paulista/athlete/dataset_hex177_impacts4998/run_20260602_150138_budget100_seeds100/seed_runs/seed_003459,59.81992990197614,0.0061022748704999685,0.2106516610365361,0.26000159373506904,0.43580706184729934,58.89557831129059,0.0009491296950727701,0.002578949322924018,0.0026905005797743797,43.40623184130527,13.645744955632836,57.051976796938106,23546,0.002423000798307063,179
6469,55.206999999999994,58.689299999999996,4.685799999999993,8.676845019304292,230,30157,77.35925841191784,26,26,max_evaluations,14,/var/tmp/anderson_oliveira/wqi-metaheuristics/results/ils/av_paulista/athlete/dataset_hex177_impacts4998/run_20260602_150138_budget100_seeds100/seed_runs/seed_006469,77.35925841191784,0.006252021994441748,0.12683031288906932,0.3306718117091805,0.5558250746689737,76.3247583466582,0.001149145420640707,0.0032387329265475273,0.0037246779538691044,56.78249083622359,16.991254085907713,73.7737449221313,30157,0.002446322410124724,231
6304,55.6259,58.4234,4.419899999999998,8.184469525123369,146,19672,49.32304670801386,19,19,max_no_improve,18,/var/tmp/anderson_oliveira/wqi-metaheuristics/results/ils/av_paulista/athlete/dataset_hex177_impacts4998/run_20260602_150138_budget100_seeds100/seed_runs/seed_006304,49.32304670801386,0.006217472953721881,0.2815385989379138,0.21505201025865972,0.34432975435629487,48.4653894493822,0.0008070860058069229,0.0024183953646570444,0.0022976768668740988,35.644154673675075,11.368491949513555,47.01264662318863,19672,0.0023898254688485476,147
6415,55.2398,57.994200000000006,3.990700000000004,7.389706222744829,222,27720,69.87149532185867,21,21,max_no_improve,18,/var/tmp/anderson_oliveira/wqi-metaheuristics/results/ils/av_paulista/athlete/dataset_hex177_impacts4998/run_20260602_150138_budget100_seeds100/seed_runs/seed_006415,69.87149532185867,0.006150296190753579,0.12798715312965214,0.3176433159969747,0.5251590569969267,68.88069864246063,0.0010776766575872898,0.002998719457536936,0.003243930172175169,50.85061325598508,15.765197653789073,66.61581090977415,27720,0.0024031677817378844,223
9861,55.4713,58.477199999999996,4.473699999999994,8.284092697695508,114,15072,40.90652662701905,15,15,max_no_improve,18,/var/tmp/anderson_oliveira/wqi-metaheuristics/results/ils/av_paulista/athlete/dataset_hex177_impacts4998/run_20260602_150138_budget100_seeds100/seed_runs/seed_009861,40.90652662701905,0.006070262053981423,0.17192429397255182,0.1911373867187649,0.3048755875788629,40.223687175195664,0.0005658143199980259,0.001623680116608739,0.0025785991456359625,30.08758849115111,8.882174585247412,38.96976307639852,15072,0.0025855734525211333,115
733,55.194799999999994,58.352900000000005,4.349400000000003,8.053922430953554,206,25297,66.41370610403828,18,18,max_no_improve,18,/var/tmp/anderson_oliveira/wqi-metaheuristics/results/ils/av_paulista/athlete/dataset_hex177_impacts4998/run_20260602_150138_budget100_seeds100/seed_runs/seed_000733,66.41370610403828,0.006122831953689456,0.18085976806469262,0.36784146376885474,0.5118417602498084,65.33257925929502,0.0010911046992987394,0.00310720968991518,0.0035533776972442865,46.48776388796978,16.53062088950537,63.01838477747515,25297,0.0024911406402923332,207
9836,55.697599999999994,58.6107,4.607199999999999,8.531298897293691,168,22239,59.212215228937566,21,21,max_no_improve,18,/var/tmp/anderson_oliveira/wqi-metaheuristics/results/ils/av_paulista/athlete/dataset_hex177_impacts4998/run_20260602_150138_budget100_seeds100/seed_runs/seed_009836,59.212215228937566,0.006079640006646514,0.20246331300586462,0.26934812823310494,0.4279104759916663,58.29453866183758,0.0008659202139824629,0.002572437981143594,0.0029424885287880898,43.95019609341398,12.517403785604984,56.46759987901896,22239,0.0025391249552146663,169
2885,55.26379999999999,58.40990000000001,4.406400000000005,8.159471145388734,155,20780,52.28148802090436,20,20,max_no_improve,18,/var/tmp/anderson_oliveira/wqi-metaheuristics/results/ils/av_paulista/athlete/dataset_hex177_impacts4998/run_20260602_150138_budget100_seeds100/seed_runs/seed_002885,52.28148802090436,0.0060945069417357445,0.17418318497948349,0.22147234017029405,0.3751792060211301,51.492765076458454,0.0008603616151958704,0.00254996819421649,0.0029803363140672445,37.753611606312916,12.075631947023794,49.82924355333671,20780,0.0023979424231634606,156
8469,55.660399999999996,58.166399999999996,4.162899999999993,7.708574444248971,153,18986,49.076089865062386,17,17,max_no_improve,18,/var/tmp/anderson_oliveira/wqi-metaheuristics/results/ils/av_paulista/athlete/dataset_hex177_impacts4998/run_20260602_150138_budget100_seeds100/seed_runs/seed_008469,49.076089865062386,0.006220164010301232,0.2178354999050498,0.23852570937015116,0.38685892755165696,48.215455401688814,0.000871199881657958,0.0025520375929772854,0.0022666461300104856,34.703089989256114,11.940436969976872,46.643526959232986,18986,0.0024567326956300953,154
6466,56.3804,58.5492,4.5456999999999965,8.417417389613629,151,17823,46.82774998107925,17,17,max_no_improve,18,/var/tmp/anderson_oliveira/wqi-metaheuristics/results/ils/av_paulista/athlete/dataset_hex177_impacts4998/run_20260602_150138_budget100_seeds100/seed_runs/seed_006466,46.82774998107925,0.006145962979644537,0.3136228520888835,0.24203852005302906,0.37137092067860067,45.88284568837844,0.0008049006573855877,0.0026353953871876,0.0030494765378534794,34.20551750366576,10.414813029114157,44.62033053277992,17823,0.002503525250113893,152
417,55.2493,57.8063,3.8027999999999977,7.0417658114751775,225,30079,78.11409683898091,27,27,max_evaluations,17,/var/tmp/anderson_oliveira/wqi-metaheuristics/results/ils/av_paulista/athlete/dataset_hex177_impacts4998/run_20260602_150138_budget100_seeds100/seed_runs/seed_000417,78.11409683898091,0.005580472061410546,0.13437539292499423,0.3524790829978883,0.5516345577780157,77.05606983695179,0.0010680707637220621,0.0029051611199975014,0.003268259344622493,57.58544203522615,16.921101580839604,74.50654361606576,30079,0.0024770286118576336,226
446,55.9985,58.1822,4.178699999999999,7.737831807197679,236,30058,81.47559219086543,15,15,max_evaluations,15,/var/tmp/anderson_oliveira/wqi-metaheuristics/results/ils/av_paulista/athlete/dataset_hex177_impacts4998/run_20260602_150138_budget100_seeds100/seed_runs/seed_000446,81.47559219086543,0.005516039906069636,0.1530907608103007,0.37586753093637526,0.608593282289803,80.31848420249298,0.001101403497159481,0.0030516490805894136,0.0030353465117514133,60.770121735055,16.91808875533752,77.68821049039252,30058,0.00258461010347969,237
9895,55.781099999999995,58.6263,4.622799999999998,8.560185913875948,172,22021,55.79314977792092,21,21,max_no_improve,18,/var/tmp/anderson_oliveira/wqi-metaheuristics/results/ils/av_paulista/athlete/dataset_hex177_impacts4998/run_20260602_150138_budget100_seeds100/seed_runs/seed_009895,55.79314977792092,0.005921396892517805,0.17357142409309745,0.2545616605784744,0.40886307833716273,54.937933599576354,0.0009151112753897905,0.00273647322319448,0.0031202509999275208,40.480513545218855,12.702722975285724,53.18323652050458,22021,0.002415114505267907,173
2937,55.1104,59.1641,5.160599999999995,9.556047293230984,228,30002,80.8800814091228,26,26,max_evaluations,14,/var/tmp/anderson_oliveira/wqi-metaheuristics/results/ils/av_paulista/athlete/dataset_hex177_impacts4998/run_20260602_150138_budget100_seeds100/seed_runs/seed_002937,80.8800814091228,0.005659804912284017,0.10719188512302935,0.3332437325734645,0.5833622571080923,79.8361154187005,0.0010823672637343407,0.00324110290966928,0.0031952024437487125,60.474072742275894,16.698629938764498,77.17270268104039,30002,0.0025722519392387304,229
3462,55.298500000000004,58.52009999999999,4.51659999999999,8.36353199329671,146,18956,48.44685907405801,19,19,max_no_improve,18,/var/tmp/anderson_oliveira/wqi-metaheuristics/results/ils/av_paulista/athlete/dataset_hex177_impacts4998/run_20260602_150138_budget100_seeds100/seed_runs/seed_003462,48.44685907405801,0.006059481063857675,0.08885273314081132,0.21481178351677954,0.35668129241093993,47.76871750573628,0.0007828373927623034,0.002582746557891369,0.0031781017314642668,34.96580232749693,11.195166234159842,46.16096856165677,18956,0.002435163988270562,147
5173,55.1948,58.41629999999999,4.41279999999999,8.171322229114761,223,30014,81.25552316498943,29,29,max_evaluations,14,/var/tmp/anderson_oliveira/wqi-metaheuristics/results/ils/av_paulista/athlete/dataset_hex177_impacts4998/run_20260602_150138_budget100_seeds100/seed_runs/seed_005173,81.25552316498943,0.0066710051614791155,0.15299155795946717,0.3474220240022987,0.5750191498082131,80.1596154384315,0.0010711504146456718,0.002870200201869011,0.003234843024984002,60.74685763940215,16.76626952481456,77.51312716421671,30014,0.0025825657081434234,224
3589,54.3853,58.367900000000006,4.364400000000003,8.081698408436496,187,23287,60.77505768509582,19,19,max_no_improve,18,/var/tmp/anderson_oliveira/wqi-metaheuristics/results/ils/av_paulista/athlete/dataset_hex177_impacts4998/run_20260602_150138_budget100_seeds100/seed_runs/seed_003589,60.77505768509582,0.006417667027562857,0.24432607810012996,0.28595044184476137,0.4629872201476246,59.7630005790852,0.000973311485722661,0.0026295396964997053,0.0028971971478313208,44.64088651584461,13.283441833453253,57.924328349297866,23287,0.002487410501537247,188
1858,55.643,57.7629,3.7593999999999994,6.961400649957872,155,20699,52.20715648983605,17,17,max_no_improve,18,/var/tmp/anderson_oliveira/wqi-metaheuristics/results/ils/av_paulista/athlete/dataset_hex177_impacts4998/run_20260602_150138_budget100_seeds100/seed_runs/seed_001858,52.20715648983605,0.0054229500237852335,0.25739462999626994,0.22363623464480042,0.37705505709163845,51.33297717454843,0.0008041092660278082,0.002446057042106986,0.0020807792898267508,37.76020881230943,11.981453656451777,49.741662468761206,20699,0.002403094954768888,156
7558,55.3084,58.0963,4.092799999999997,7.578768042812034,208,24893,62.465839134994894,26,26,max_no_improve,18,/var/tmp/anderson_oliveira/wqi-metaheuristics/results/ils/av_paulista/athlete/dataset_hex177_impacts4998/run_20260602_150138_budget100_seeds100/seed_runs/seed_007558,62.465839134994894,0.010275955079123378,0.16409353679046035,0.2927749066147953,0.4948175579775125,61.48997907829471,0.0011036086361855268,0.003005964681506157,0.0033556323032826185,45.24190264660865,14.291224501328543,59.53312714793719,24893,0.00239156096685563,209
9580,55.556000000000004,58.72129999999999,4.71779999999999,8.736100437934558,208,26497,70.90666433703154,23,23,max_no_improve,18,/var/tmp/anderson_oliveira/wqi-metaheuristics/results/ils/av_paulista/athlete/dataset_hex177_impacts4998/run_20260602_150138_budget100_seeds100/seed_runs/seed_009580,70.90666433703154,0.005233506904914975,0.2701386949047446,0.3319836361333728,0.5319313302170485,69.75463869376108,0.0009709554724395275,0.002688748063519597,0.0030377644579857588,52.527414557058364,15.078901812434196,67.60631636949256,26497,0.002551470595519967,209
2767,54.844899999999996,58.2429,4.239399999999996,7.850231929411975,167,21376,53.899165517883375,25,25,max_no_improve,18,/var/tmp/anderson_oliveira/wqi-metaheuristics/results/ils/av_paulista/athlete/dataset_hex177_impacts4998/run_20260602_150138_budget100_seeds100/seed_runs/seed_002767,53.899165517883375,0.005268767010420561,0.14695530384778976,0.2393494206480682,0.4001943797338754,53.095419694436714,0.0008664710912853479,0.002377524506300688,0.00320022483356297,39.1366762642283,12.229786722455174,51.36646298668347,21376,0.0024029969585836206,168
4332,55.930899999999994,57.9875,3.9839999999999947,7.377299619469098,152,18323,46.13257581111975,15,15,max_no_improve,18,/var/tmp/anderson_oliveira/wqi-metaheuristics/results/ils/av_paulista/athlete/dataset_hex177_impacts4998/run_20260602_150138_budget100_seeds100/seed_runs/seed_004332,46.13257581111975,0.013466225005686283,0.34050697600468993,0.22587195015512407,0.3598244464956224,45.18246623710729,0.0007522115483880043,0.0022762480657547712,0.0023524912539869547,33.38296488835476,10.552601071074605,43.93556595942937,18323,0.002397836924053341,153
4432,54.866099999999996,58.150000000000006,4.146500000000003,7.678206042200974,104,11271,28.48219387093559,13,13,max_no_improve,18,/var/tmp/anderson_oliveira/wqi-metaheuristics/results/ils/av_paulista/athlete/dataset_hex177_impacts4998/run_20260602_150138_budget100_seeds100/seed_runs/seed_004432,28.48219387093559,0.017586751841008663,0.24653519201092422,0.16154247475787997,0.24747743573971093,27.801035589771345,0.0005626000929623842,0.0018491887021809816,0.0016005015932023525,20.593463191529736,6.507408179575577,27.100871371105313,11271,0.0024044779851925572,105
4878,54.442499999999995,58.4397,4.4361999999999995,8.214652753988165,153,18316,46.846560172969475,21,21,max_no_improve,18,/var/tmp/anderson_oliveira/wqi-metaheuristics/results/ils/av_paulista/athlete/dataset_hex177_impacts4998/run_20260602_150138_budget100_seeds100/seed_runs/seed_004878,46.846560172969475,0.01148844207637012,0.29732066998258233,0.22669500624760985,0.37954877433367074,45.919845727970824,0.0008412569295614958,0.0024833204224705696,0.0029351033736020327,33.68975279247388,10.89571579406038,44.58546858653426,18316,0.002434236109769287,154
2141,55.012100000000004,57.840500000000006,3.8370000000000033,7.105095040136293,136,19758,50.30233363294974,24,24,max_no_improve,18,/var/tmp/anderson_oliveira/wqi-metaheuristics/results/ils/av_paulista/athlete/dataset_hex177_impacts4998/run_20260602_150138_budget100_seeds100/seed_runs/seed_002141,50.30233363294974,0.005269695073366165,0.30548820504918694,0.2053585743997246,0.33414196502417326,49.44157615466975,0.0007750957738608122,0.0022738322149962187,0.0026489500887691975,36.2246952066198,11.707959888968617,47.932655095588416,19758,0.002425987199898189,137
596,55.48819999999999,58.474000000000004,4.470500000000001,8.278167155832493,154,19301,48.992678561015055,22,22,max_no_improve,18,/var/tmp/anderson_oliveira/wqi-metaheuristics/results/ils/av_paulista/athlete/dataset_hex177_impacts4998/run_20260602_150138_budget100_seeds100/seed_runs/seed_000596,48.992678561015055,0.0093181689735502,0.264085077913478,0.2250752670224756,0.37067805300466716,48.11182959820144,0.0008237683214247227,0.0023360082414001226,0.0031953095458447933,35.52385113644414,11.167474036104977,46.691325172549114,19301,0.0024191143035360405,155
9723,54.64800000000001,59.05800000000001,5.054500000000004,9.359578545835,107,12879,33.38344237394631,12,12,max_no_improve,18,/var/tmp/anderson_oliveira/wqi-metaheuristics/results/ils/av_paulista/athlete/dataset_hex177_impacts4998/run_20260602_150138_budget100_seeds100/seed_runs/seed_009723,33.38344237394631,0.009179644985124469,0.3210098189301789,0.16186772240325809,0.2616581073962152,32.62192762386985,0.0005314014852046967,0.0016544766258448362,0.0015953173860907555,24.225686697289348,7.595307110110298,31.820993807399645,12879,0.0024707658830188405,108
8551,54.8647,58.3555,4.351999999999997,8.058736933717253,171,20387,52.59994993801229,19,19,max_no_improve,18,/var/tmp/anderson_oliveira/wqi-metaheuristics/results/ils/av_paulista/athlete/dataset_hex177_impacts4998/run_20260602_150138_budget100_seeds100/seed_runs/seed_008551,52.59994993801229,0.005212869960814714,0.2611418089363724,0.2615206071641296,0.4217603523284197,51.638910982059315,0.0008812714368104935,0.0026021869853138924,0.0023377365432679653,38.38133634743281,11.729119449155405,50.11045579658821,20387,0.002457961239838535,172
1273,55.424400000000006,58.34439999999999,4.340899999999991,8.038182710379866,147,18520,47.225962148979306,25,25,max_no_improve,18,/var/tmp/anderson_oliveira/wqi-metaheuristics/results/ils/av_paulista/athlete/dataset_hex177_impacts4998/run_20260602_150138_budget100_seeds100/seed_runs/seed_001273,47.225962148979306,0.014989547897130251,0.2215640670619905,0.2195315684657544,0.36210716259665787,46.39426545728929,0.0009341437835246325,0.0024643847718834877,0.0030128287617117167,34.079308790154755,10.895135968690738,44.97444475884549,18520,0.002428425742918223,148
4374,55.625699999999995,58.256099999999996,4.252599999999994,7.874674789596959,230,30040,82.24483735207468,24,24,max_evaluations,11,/var/tmp/anderson_oliveira/wqi-metaheuristics/results/ils/av_paulista/athlete/dataset_hex177_impacts4998/run_20260602_150138_budget100_seeds100/seed_runs/seed_004374,82.24483735207468,0.009236125042662024,0.2533815500792116,0.3483060977887362,0.6006349874660373,81.01959158014506,0.0010492259170860052,0.002968951826915145,0.0031874312553554773,61.93339768820442,16.559543716255575,78.49294140446,30040,0.0026129474502150467,231
7206,55.1378,58.9043,4.900799999999997,9.07496736322645,122,15799,40.50313958409242,14,14,max_no_improve,18,/var/tmp/anderson_oliveira/wqi-metaheuristics/results/ils/av_paulista/athlete/dataset_hex177_impacts4998/run_20260602_150138_budget100_seeds100/seed_runs/seed_007206,40.50313958409242,0.013577202102169394,0.1657336892094463,0.18429635046049953,0.3027057726867497,39.823531763860956,0.0007060756906867027,0.0061941854655742645,0.0019102934747934341,29.18648978183046,9.367517756531015,38.554007538361475,15799,0.0024402815075866497,123
6473,55.18000000000001,57.616899999999994,3.6133999999999915,6.6910478024572315,149,20047,50.84092011814937,20,20,max_no_improve,18,/var/tmp/anderson_oliveira/wqi-metaheuristics/results/ils/av_paulista/athlete/dataset_hex177_impacts4998/run_20260602_150138_budget100_seeds100/seed_runs/seed_006473,50.84092011814937,0.013257056009024382,0.2848473759368062,0.2329982032533735,0.3587011198978871,49.9404595666565,0.0008096476085484028,0.0023482711985707283,0.00241189356893301,36.74977453472093,11.681149351643398,48.430923886364326,20047,0.002415868902397582,150
2133,55.93979999999999,58.083,4.079499999999996,7.554140009443825,228,30083,76.59961314615794,24,24,max_evaluations,17,/var/tmp/anderson_oliveira/wqi-metaheuristics/results/ils/av_paulista/athlete/dataset_hex177_impacts4998/run_20260602_150138_budget100_seeds100/seed_runs/seed_002133,76.59961314615794,0.009332015877589583,0.29775640997104347,0.33448085002601147,0.5503669811878353,75.38997435406782,0.0010395273566246033,0.002934414194896817,0.003139759413897991,56.12662342749536,16.94366271980107,73.07028614729643,30083,0.002428956093052436,229
5230,55.62220000000001,58.0871,4.083599999999997,7.5617321099558295,132,14649,38.76002121181227,14,14,max_no_improve,18,/var/tmp/anderson_oliveira/wqi-metaheuristics/results/ils/av_paulista/athlete/dataset_hex177_impacts4998/run_20260602_150138_budget100_seeds100/seed_runs/seed_005230,38.76002121181227,0.005221098195761442,0.3656108051072806,0.20880868332460523,0.3331146107520908,37.837502773618326,0.0006909091025590897,0.002168959006667137,0.0022282674908638,28.472711916081607,8.445032632909715,36.91774454899132,14649,0.0025201545872749896,133
8986,54.97550000000001,58.5163,4.512799999999999,8.356495412334382,216,30085,81.14930731011555,31,31,max_evaluations,13,/var/tmp/anderson_oliveira/wqi-metaheuristics/results/ils/av_paulista/athlete/dataset_hex177_impacts4998/run_20260602_150138_budget100_seeds100/seed_runs/seed_008986,81.14930731011555,0.006623515160754323,0.19893260882236063,0.33102631173096597,0.5534407387021929,80.04510079603642,0.0010729804635047913,0.0029859875794500113,0.0036345229018479586,60.680507111828774,16.772744809277356,77.45325192110613,30085,0.0025744807020477356,217
4897,55.3315,57.941700000000004,3.938200000000002,7.2924903015545315,205,26703,75.05648440611549,19,19,max_no_improve,18,/var/tmp/anderson_oliveira/wqi-metaheuristics/results/ils/av_paulista/athlete/dataset_hex177_impacts4998/run_20260602_150138_budget100_seeds100/seed_runs/seed_004897,75.05648440611549,0.009359560906887054,0.33359782001934946,0.3555640112608671,0.5489631660748273,73.79577780608088,0.0009941896423697472,0.0029544143471866846,0.0032132649794220924,56.73859105911106,14.850268408190459,71.58885946730152,26703,0.0026809294636296116,206
2067,55.7191,57.819100000000006,3.8156000000000034,7.065467978927297,186,22771,57.343735636910424,17,17,max_no_improve,18,/var/tmp/anderson_oliveira/wqi-metaheuristics/results/ils/av_paulista/athlete/dataset_hex177_impacts4998/run_20260602_150138_budget100_seeds100/seed_runs/seed_002067,57.343735636910424,0.013950969092547894,0.20539893792010844,0.2695099937263876,0.4466512203216553,56.39458856778219,0.0009813355281949043,0.0029149192851036787,0.0036325070541352034,41.397105591138825,13.209871014812961,54.606976605951786,22771,0.002398093039653585,187
5455,55.0762,58.68899999999999,4.6854999999999905,8.676289499754628,236,30101,80.73784071695991,23,23,max_evaluations,17,/var/tmp/anderson_oliveira/wqi-metaheuristics/results/ils/av_paulista/athlete/dataset_hex177_impacts4998/run_20260602_150138_budget100_seeds100/seed_runs/seed_005455,80.73784071695991,0.005137333879247308,0.22203979711048305,0.381841991096735,0.5966000840999186,79.51771911047399,0.0011006009299308062,0.003028786275535822,0.00351932505145669,60.366678656311706,16.652973286574706,77.01965194288641,30101,0.002558707416460796,237
9300,55.452600000000004,58.3439,4.340399999999995,8.037256844463775,203,26041,69.65626827185042,28,28,max_no_improve,18,/var/tmp/anderson_oliveira/wqi-metaheuristics/results/ils/av_paulista/athlete/dataset_hex177_impacts4998/run_20260602_150138_budget100_seeds100/seed_runs/seed_009300,69.65626827185042,0.00516254804097116,0.32966885808855295,0.32619882770814,0.513984264805913,68.46202972601168,0.0011179957073181868,0.0029171640053391457,0.00881553953513503,51.5445696383249,14.865613952744752,66.41018359106965,26041,0.0025502163354352617,204
6777,55.4929,58.8819,4.878399999999999,9.033488570185265,107,13493,33.8926730430685,16,16,max_no_improve,18,/var/tmp/anderson_oliveira/wqi-metaheuristics/results/ils/av_paulista/athlete/dataset_hex177_impacts4998/run_20260602_150138_budget100_seeds100/seed_runs/seed_006777,33.8926730430685,0.0051709930412471294,0.2502041389234364,0.16045727184973657,0.2522040184121579,33.214884911431,0.0006096509750932455,0.00201503187417984,0.002885189140215516,24.358399643795565,7.90498380898498,32.263383452780545,13493,0.002391120095811202,108
8488,55.4214,58.21539999999999,4.211899999999986,7.799309304026564,156,20731,52.173453439958394,18,18,max_no_improve,18,/var/tmp/anderson_oliveira/wqi-metaheuristics/results/ils/av_paulista/athlete/dataset_hex177_impacts4998/run_20260602_150138_budget100_seeds100/seed_runs/seed_008488,52.173453439958394,0.01305976090952754,0.1987851490266621,0.2245235163718462,0.37532103061676025,51.35072410013527,0.0008127312175929546,0.002352311508730054,0.002634060801938176,37.75515373214148,11.976710652001202,49.73186438414268,20731,0.0023989129508534407,157
471,55.395399999999995,58.272099999999995,4.268599999999992,7.9043024989120925,255,30073,77.76937632611953,15,15,max_evaluations,17,/var/tmp/anderson_oliveira/wqi-metaheuristics/results/ils/av_paulista/athlete/dataset_hex177_impacts4998/run_20260602_150138_budget100_seeds100/seed_runs/seed_000471,77.76937632611953,0.011598675977438688,0.42073215381242335,0.40038753580302,0.6327648381702602,76.28919129841961,0.001159823965281248,0.003253684611991048,0.0028824135661125183,57.01231623743661,17.112754742149264,74.12507097958587,30073,0.0024648379270304217,256
689,55.4009,57.73049999999999,3.7269999999999897,6.901404538594702,125,17797,44.61352427396923,19,19,max_no_improve,18,/var/tmp/anderson_oliveira/wqi-metaheuristics/results/ils/av_paulista/athlete/dataset_hex177_impacts4998/run_20260602_150138_budget100_seeds100/seed_runs/seed_000689,44.61352427396923,0.005252181086689234,0.18246962688863277,0.18785189487971365,0.29774169879965484,43.92685553058982,0.0006336169317364693,0.001897463109344244,0.0021541628520935774,32.22390434355475,10.28607434546575,42.5099786890205,17797,0.002388603623589397,126
2411,55.7226,58.3862,4.3827,8.115585100965678,118,14211,36.69882294698618,15,15,max_no_improve,18,/var/tmp/anderson_oliveira/wqi-metaheuristics/results/ils/av_paulista/athlete/dataset_hex177_impacts4998/run_20260602_150138_budget100_seeds100/seed_runs/seed_002411,36.69882294698618,0.00927191786468029,0.28514391789212823,0.1789434445090592,0.2934768316335976,35.92197378585115,0.0006462936289608479,0.0020834088791161776,0.0026495601050555706,26.604291218100116,8.334126157453284,34.9384173755534,14211,0.0024585474192916333,119
3646,55.2702,57.3584,3.3549000000000007,6.212375123834567,235,30012,78.3550769998692,24,24,max_evaluations,14,/var/tmp/anderson_oliveira/wqi-metaheuristics/results/ils/av_paulista/athlete/dataset_hex177_impacts4998/run_20260602_150138_budget100_seeds100/seed_runs/seed_003646,78.3550769998692,0.01951647619716823,0.27860008110292256,0.347492731641978,0.5878411692101508,77.10582036105916,0.001273303059861064,0.003602835349738598,0.0037642165552824736,57.8586881137453,16.862185530830175,74.72087364457548,30012,0.00248969990818924,236
2036,55.584199999999996,58.2397,4.236199999999997,7.844306387548949,174,21476,55.64548695506528,18,18,max_no_improve,18,/var/tmp/anderson_oliveira/wqi-metaheuristics/results/ils/av_paulista/athlete/dataset_hex177_impacts4998/run_20260602_150138_budget100_seeds100/seed_runs/seed_002036,55.64548695506528,0.014111238066107035,0.23205905011855066,0.26451726211234927,0.4330579985398799,54.69043527613394,0.0008489077445119619,0.0023493049666285515,0.002540085231885314,40.60444152611308,12.456408728845417,53.060850254958495,21476,0.002470704519228837,175
4428,55.922799999999995,58.600899999999996,4.597399999999993,8.51315192533816,202,24902,66.36934261396527,19,19,max_no_improve,18,/var/tmp/anderson_oliveira/wqi-metaheuristics/results/ils/av_paulista/athlete/dataset_hex177_impacts4998/run_20260602_150138_budget100_seeds100/seed_runs/seed_004428,66.36934261396527,0.01352535211481154,0.2637241499032825,0.3334978783968836,0.5068952855654061,65.238797953818,0.0009514018893241882,0.0027345495764166117,0.003210280789062381,49.064372467808425,14.189376920927316,63.25374938873574,24902,0.0025401071957567964,203
7735,54.581199999999995,58.657700000000006,4.654200000000003,8.618330293406913,229,30091,78.21280775801279,34,34,max_evaluations,13,/var/tmp/anderson_oliveira/wqi-metaheuristics/results/ils/av_paulista/athlete/dataset_hex177_impacts4998/run_20260602_150138_budget100_seeds100/seed_runs/seed_007735,78.21280775801279,0.025333516066893935,0.24419003794901073,0.31693805754184723,0.5749241432640702,77.03656799695455,0.0010857305023819208,0.002959835110232234,0.004220319213345647,57.56221298663877,17.06964205717668,74.63185504381545,30091,0.0024802052123164883,230
9016,55.486999999999995,57.165400000000005,3.161900000000003,5.854990880220732,115,12993,32.80620776000433,14,14,max_no_improve,18,/var/tmp/anderson_oliveira/wqi-metaheuristics/results/ils/av_paulista/athlete/dataset_hex177_impacts4998/run_20260602_150138_budget100_seeds100/seed_runs/seed_009016,32.80620776000433,0.022433679085224867,0.26779195200651884,0.17480973480269313,0.27657582564279437,32.04797283257358,0.0005972869694232941,0.0017517528031021357,0.0019501680508255959,23.637001654831693,7.57198965200223,31.208991306833923,12993,0.0024019850155340508,116
7987,55.659,57.928700000000006,3.925200000000004,7.268417787735987,136,17815,47.048884527990595,17,17,max_no_improve,18,/var/tmp/anderson_oliveira/wqi-metaheuristics/results/ils/av_paulista/athlete/dataset_hex177_impacts4998/run_20260602_150138_budget100_seeds100/seed_runs/seed_007987,47.048884527990595,0.0075816200114786625,0.3026927199680358,0.21318489406257868,0.3430381559301168,46.161596744088456,0.0006578636821359396,0.0019059095066040754,0.00689870654605329,34.41393478331156,10.397987463744357,44.81192224705592,17815,0.002515403999273417,137
6640,55.260999999999996,58.0544,4.050899999999999,7.501180479043022,140,17956,45.48190026707016,16,16,max_no_improve,18,/var/tmp/anderson_oliveira/wqi-metaheuristics/results/ils/av_paulista/athlete/dataset_hex177_impacts4998/run_20260602_150138_budget100_seeds100/seed_runs/seed_006640,45.48190026707016,0.009296241914853454,0.2541400669142604,0.20813001389615238,0.33887512516230345,44.662161900429055,0.000690581975504756,0.0020324562210589647,0.0019488255493342876,32.89263577130623,10.426171314902604,43.318807086208835,17956,0.0024124976100584113,141
3235,54.9597,58.6034,4.599899999999998,8.517781254918658,142,18791,47.42420254694298,20,20,max_no_improve,18,/var/tmp/anderson_oliveira/wqi-metaheuristics/results/ils/av_paulista/athlete/dataset_hex177_impacts4998/run_20260602_150138_budget100_seeds100/seed_runs/seed_003235,47.42420254694298,0.009043056983500719,0.2649418560322374,0.2120119701139629,0.33961561834439635,46.587717298651114,0.0007520376238971949,0.002247188938781619,0.0028629484586417675,34.258084709523246,10.912699882639572,45.17078459216282,18791,0.0024038520883488275,143
1065,55.719899999999996,59.29939999999999,5.295899999999989,9.8065866101271,206,30014,83.58107393607497,27,27,max_evaluations,13,/var/tmp/anderson_oliveira/wqi-metaheuristics/results/ils/av_paulista/athlete/dataset_hex177_impacts4998/run_20260602_150138_budget100_seeds100/seed_runs/seed_001065,83.58107393607497,0.002496087923645973,0.13773402711376548,0.32926971884444356,0.53946029744111,82.55992238037288,0.0008539967238903046,0.002066727727651596,0.0027174195274710655,63.8019855231978,16.05474551068619,79.85673103388399,30014,0.0026606493980770303,207
9480,55.1781,57.95859999999999,3.9550999999999874,7.323784569518619,187,21823,61.44529896997847,19,19,max_no_improve,18,/var/tmp/anderson_oliveira/wqi-metaheuristics/results/ils/av_paulista/athlete/dataset_hex177_impacts4998/run_20260602_150138_budget100_seeds100/seed_runs/seed_009480,61.44529896997847,0.004205496981739998,0.1277502439916134,0.33012782665900886,0.5014017375651747,60.47276847157627,0.000849749194458127,0.0019316948018968105,0.0020042788237333298,46.844470284180716,11.76228165649809,58.606751940678805,21823,0.002685549738380553,188
634,55.169799999999995,58.198800000000006,4.195300000000003,7.768570555612142,219,26695,77.53465305105783,25,25,max_no_improve,18,/var/tmp/anderson_oliveira/wqi-metaheuristics/results/ils/av_paulista/athlete/dataset_hex177_impacts4998/run_20260602_150138_budget100_seeds100/seed_runs/seed_000634,77.53465305105783,0.0023857620544731617,0.15497397002764046,0.39200671250000596,0.6015861206687987,76.37315773358569,0.0009120567701756954,0.0021217286121100187,0.002712171757593751,59.79188312427141,14.201438753167167,73.99332187743858,26695,0.0027718045280928478,220
8513,55.4667,58.34139999999999,4.3378999999999905,8.032627514883277,211,28418,87.52394579304382,22,22,max_no_improve,18,/var/tmp/anderson_oliveira/wqi-metaheuristics/results/ils/av_paulista/athlete/dataset_hex177_impacts4998/run_20260602_150138_budget100_seeds100/seed_runs/seed_008513,87.52394579304382,0.003583255922421813,0.16388865001499653,0.4155985552351922,0.6169589306227863,86.3146319675725,0.0007883422076702118,0.001852086279541254,0.0023009993601590395,68.99068925878964,14.636210835771635,83.62690009456128,28418,0.00294274403879799,212
7110,56.0612,58.437799999999996,4.434299999999993,8.211134463506982,216,30094,88.66252360888757,22,22,max_evaluations,12,/var/tmp/anderson_oliveira/wqi-metaheuristics/results/ils/av_paulista/athlete/dataset_hex177_impacts4998/run_20260602_150138_budget100_seeds100/seed_runs/seed_007110,88.66252360888757,0.003695121966302395,0.11603462789207697,0.37439995375461876,0.598262479994446,87.56013280665502,0.0008320382330566645,0.001974057173356414,0.0022597694769501686,69.051143205259,15.683343455428258,84.73448666068725,30094,0.002815660485833962,217
4843,55.7786,58.7953,4.791799999999995,8.873128593517077,145,18436,53.17478243494406,22,22,max_no_improve,18,/var/tmp/anderson_oliveira/wqi-metaheuristics/results/ils/av_paulista/athlete/dataset_hex177_impacts4998/run_20260602_150138_budget100_seeds100/seed_runs/seed_004843,53.17478243494406,0.0024317840579897165,0.09743024408817291,0.2675115580204874,0.3957608400378376,52.40401953808032,0.0006357249803841114,0.0013984355609863997,0.0019832290709018707,40.92314463551156,9.831183812348172,50.754328447859734,18436,0.0027530011091266944,146
9399,55.851200000000006,57.663000000000004,3.6595000000000013,6.776412639921489,111,11868,29.54228927497752,12,12,max_no_improve,18,/var/tmp/anderson_oliveira/wqi-metaheuristics/results/ils/av_paulista/athlete/dataset_hex177_impacts4998/run_20260602_150138_budget100_seeds100/seed_runs/seed_009399,29.54228927497752,0.0023984787985682487,0.1413888989482075,0.16924327774904668,0.2616205206140876,28.961601900635287,0.0005190763622522354,0.0013048953842371702,0.0013469306286424398,21.425367716467008,6.705557482782751,28.13092519924976,11868,0.0023703172564248196,112
6964,55.771,57.778000000000006,3.7745000000000033,6.98936180062404,158,19474,52.54270552308299,18,18,max_no_improve,18,/var/tmp/anderson_oliveira/wqi-metaheuristics/results/ils/av_paulista/athlete/dataset_hex177_impacts4998/run_20260602_150138_budget100_seeds100/seed_runs/seed_006964,52.54270552308299,0.0038348061498254538,0.16410903399810195,0.26924152253195643,0.4043768225237727,51.69317119359039,0.0006723979022353888,0.0015723975375294685,0.0017770251724869013,39.58595484076068,10.536691278917715,50.12264611967839,19474,0.0025738238738666117,159
6297,55.5047,58.06249999999999,4.05899999999999,7.5161795068837955,229,30078,86.15540133509785,28,28,max_evaluations,12,/var/tmp/anderson_oliveira/wqi-metaheuristics/results/ils/av_paulista/athlete/dataset_hex177_impacts4998/run_20260602_150138_budget100_seeds100/seed_runs/seed_006297,86.15540133509785,0.003776234807446599,0.107063575880602,0.3931463148910552,0.6181618659757078,85.0227791883517,0.0008803433738648891,0.0021499916911125183,0.00263999798335135,66.51639196835458,15.790360281709582,82.30675225006416,30078,0.0027364436548329065,230
652,55.57110000000001,58.4016,4.3980999999999995,8.144101771181496,115,14494,41.866660674801096,15,15,max_no_improve,18,/var/tmp/anderson_oliveira/wqi-metaheuristics/results/ils/av_paulista/athlete/dataset_hex177_impacts4998/run_20260602_150138_budget100_seeds100/seed_runs/seed_000652,41.866660674801096,0.00407385197468102,0.11892869300208986,0.22470488911494613,0.3194915927015245,41.19344626320526,0.0004805745556950569,0.0011194695252925158,0.0014585379976779222,32.225735248299316,7.722673752345145,39.94840900064446,14494,0.002756203187570337,116
8740,55.5591,58.032000000000004,4.028500000000001,7.459701686001836,118,15090,41.340983086964116,15,15,max_no_improve,18,/var/tmp/anderson_oliveira/wqi-metaheuristics/results/ils/av_paulista/athlete/dataset_hex177_impacts4998/run_20260602_150138_budget100_seeds100/seed_runs/seed_008740,41.340983086964116,0.0023602060973644257,0.14518415299244225,0.21371902548708022,0.30517181544564664,40.66827606712468,0.0005123559385538101,0.001182402716949582,0.0014473421033471823,31.267102585639805,8.166910635773093,39.4340132214129,15090,0.0026132546866410138,119
1232,54.9144,58.2176,4.214099999999995,7.803383114057413,223,30019,85.71887654787861,23,23,max_evaluations,16,/var/tmp/anderson_oliveira/wqi-metaheuristics/results/ils/av_paulista/athlete/dataset_hex177_impacts4998/run_20260602_150138_budget100_seeds100/seed_runs/seed_001232,85.71887654787861,0.0023729910608381033,0.17141034896485507,0.3801134815439582,0.6012783946935087,84.5540016614832,0.0008344296365976334,0.0020620916038751602,0.0021680020727217197,66.07655430724844,15.81723893689923,81.89379324414767,30019,0.0027280653334270854,224
2286,55.11309999999999,58.167,4.163499999999999,7.7096854833482995,123,15403,40.52379868295975,15,15,max_no_improve,18,/var/tmp/anderson_oliveira/wqi-metaheuristics/results/ils/av_paulista/athlete/dataset_hex177_impacts4998/run_20260602_150138_budget100_seeds100/seed_runs/seed_002286,40.52379868295975,0.00397354387678206,0.13850376615300775,0.2078082305379212,0.3073844041209668,39.858072995673865,0.0006805143784731627,0.0019972354639321566,0.001951304031535983,30.174619938246906,8.466209304984659,38.640829243231565,15403,0.002508656056822149,124
7619,54.9186,57.39580000000001,3.392300000000006,6.281629894358709,163,20835,60.483452423941344,14,14,max_no_improve,18,/var/tmp/anderson_oliveira/wqi-metaheuristics/results/ils/av_paulista/athlete/dataset_hex177_impacts4998/run_20260602_150138_budget100_seeds100/seed_runs/seed_007619,60.483452423941344,0.002376460935920477,0.1581740698311478,0.3251995211467147,0.4458620382938534,59.54249694105238,0.0006813113577663898,0.001657633576542139,0.0016883027274161577,46.12371484306641,11.510832730680704,57.63454757374711,20835,0.002766236984581095,164
1845,56.0114,58.366099999999996,4.362599999999993,8.078365291138525,187,23652,65.92847671103664,15,15,max_no_improve,18,/var/tmp/anderson_oliveira/wqi-metaheuristics/results/ils/av_paulista/athlete/dataset_hex177_impacts4998/run_20260602_150138_budget100_seeds100/seed_runs/seed_001845,65.92847671103664,0.003856220981106162,0.1391240288503468,0.3444423363544047,0.4947497753892094,64.9379662682768,0.0006988868117332458,0.00174232991412282,0.0016637411899864674,50.34959023678675,12.567534289089963,62.917124525876716,23652,0.002660118574576218,188
6815,55.0145,57.9923,3.9887999999999977,7.386187932263645,117,14720,42.11556224501692,13,13,max_no_improve,18,/var/tmp/anderson_oliveira/wqi-metaheuristics/results/ils/av_paulista/athlete/dataset_hex177_impacts4998/run_20260602_150138_budget100_seeds100/seed_runs/seed_006815,42.11556224501692,0.0022998228669166565,0.10791607992723584,0.22164158034138381,0.31611315649934113,41.4618907563854,0.0004761598538607359,0.0011188099160790443,0.0013362935278564692,32.38947109389119,7.805651741567999,40.19512283545919,14720,0.0027306469317567384,118
7477,55.19579999999999,58.731700000000004,4.728200000000001,8.75535844898942,149,18166,54.388563455082476,20,20,max_no_improve,18,/var/tmp/anderson_oliveira/wqi-metaheuristics/results/ils/av_paulista/athlete/dataset_hex177_impacts4998/run_20260602_150138_budget100_seeds100/seed_runs/seed_007477,54.388563455082476,0.0022859000600874424,0.10395641392096877,0.29078154545277357,0.42198158032260835,53.56234280206263,0.000616731820628047,0.0013958767522126436,0.0019046412780880928,42.47248504962772,9.444183942163363,51.916668991791084,18166,0.0028579031703066765,150
1561,54.3955,58.0283,4.024799999999999,7.452850278222706,147,19539,59.114765007048845,16,16,max_no_improve,18,/var/tmp/anderson_oliveira/wqi-metaheuristics/results/ils/av_paulista/athlete/dataset_hex177_impacts4998/run_20260602_150138_budget100_seeds100/seed_runs/seed_001561,59.114765007048845,0.0024905649479478598,0.14967563305981457,0.2911120702046901,0.4209925355389714,58.242360113654286,0.0005338953342288733,0.0012764993589371443,0.0015707993879914284,46.495731107657775,9.97841382282786,56.474144930485636,19539,0.0028903293377596415,148
2843,55.1215,58.016099999999994,4.012599999999992,7.430259149869901,182,22228,64.14510381408036,16,16,max_no_improve,18,/var/tmp/anderson_oliveira/wqi-metaheuristics/results/ils/av_paulista/athlete/dataset_hex177_impacts4998/run_20260602_150138_budget100_seeds100/seed_runs/seed_002843,64.14510381408036,0.002264113863930106,0.16644634399563074,0.3296551271341741,0.4963939297012985,63.14211225719191,0.0006780161056667566,0.0016823450569063425,0.001864739926531911,49.394147077109665,11.835590217262506,61.22973729437217,22228,0.002754621976532849,183
71,55.144099999999995,58.201899999999995,4.198399999999992,7.77431092429193,207,26943,79.20694825705141,18,18,max_no_improve,18,/var/tmp/anderson_oliveira/wqi-metaheuristics/results/ils/av_paulista/athlete/dataset_hex177_impacts4998/run_20260602_150138_budget100_seeds100/seed_runs/seed_000071,79.20694825705141,0.002294915961101651,0.139193682000041,0.3877224153839052,0.5737757591996342,78.09542979835533,0.0007295540999621153,0.0018168941605836153,0.0017741341143846512,61.75024408171885,13.913708461914212,75.66395254363306,26943,0.0028082972402343116,208
4821,55.6448,57.6906,3.687100000000001,6.827520438490099,121,14954,44.13473970792256,14,14,max_no_improve,18,/var/tmp/anderson_oliveira/wqi-metaheuristics/results/ils/av_paulista/athlete/dataset_hex177_impacts4998/run_20260602_150138_budget100_seeds100/seed_runs/seed_004821,44.13473970792256,0.0038758330047130585,0.13569062086753547,0.23944032285362482,0.3384256896097213,43.41128189605661,0.0004940042272210121,0.0013427373487502337,0.0013586070854216814,34.36704851454124,7.765415423549712,42.13246393809095,14954,0.002817471174140093,122
9748,55.5852,58.414,4.410499999999999,8.167063245900726,230,30040,93.16385131701827,20,20,max_evaluations,17,/var/tmp/anderson_oliveira/wqi-metaheuristics/results/ils/av_paulista/athlete/dataset_hex177_impacts4998/run_20260602_150138_budget100_seeds100/seed_runs/seed_009748,93.16385131701827,0.002458341885358095,0.16859096102416515,0.4601902978029102,0.6793083955999464,91.84216290409677,0.0007409870158880949,0.0019123321399092674,0.0021507658530026674,73.80358208320104,15.20988470618613,89.01346678938717,30040,0.002963164673415019,231
3106,54.99300000000001,58.6389,4.635399999999997,8.583517734961617,236,30022,89.86682746117003,23,23,max_evaluations,13,/var/tmp/anderson_oliveira/wqi-metaheuristics/results/ils/av_paulista/athlete/dataset_hex177_impacts4998/run_20260602_150138_budget100_seeds100/seed_runs/seed_003106,89.86682746117003,0.0022746038157492876,0.12013296806253493,0.4378171528223902,0.6682476655114442,88.62743824301288,0.0008814390748739243,0.002646797336637974,0.002618782687932253,70.29997106734663,15.540472535649315,85.84044360299595,30022,0.0028592513357869544,237
