seed,initial_objective_value,best_objective_value,delta_abs_vs_baseline,delta_pct_vs_baseline,iterations,evaluations,runtime_seconds,improvement_iterations,stopping_reason,best_alpha,mean_rcl_size,construction_best_objective_value,seed_dir,profile_total_runtime_s,profile_construction_total_s,profile_candidate_eval_total_s,profile_local_search_total_s,profile_evaluation_total_s,profile_evaluation_calls,profile_evaluation_avg_s,profile_local_search_calls
182,37.1734,44.734899999999996,6.055700000000002,15.656218329231221,106,6731,10.706755916588008,7,max_no_improve,0.6401811016973334,171.6874528301887,43.4492,/var/tmp/anderson_oliveira/wqi-metaheuristics/results/grasp/av_paulista/elderly/dataset_hex177_impacts1328/run_20260704_231618_budget100_seeds100/seed_runs/seed_000182,10.706755916588008,1.3384245755150914,0.1592384958639741,9.20370988547802,8.578622519038618,6731,0.0012744945058741075,106
57,43.047200000000004,44.5751,5.895900000000005,15.243076382138218,243,16078,24.186029938980937,5,max_no_improve,0.48124412482242074,191.1818106995885,42.837,/var/tmp/anderson_oliveira/wqi-metaheuristics/results/grasp/av_paulista/elderly/dataset_hex177_impacts1328/run_20260704_231618_budget100_seeds100/seed_runs/seed_000057,24.186029938980937,3.0062889829277992,0.30305476672947407,20.86697161849588,19.385550818406045,16078,0.0012057190458020926,243
7217,39.627900000000004,44.610299999999995,5.931100000000001,15.33408136672941,124,7747,12.092674006707966,4,max_no_improve,0.5360253139733147,186.32266129032257,43.6838,/var/tmp/anderson_oliveira/wqi-metaheuristics/results/grasp/av_paulista/elderly/dataset_hex177_impacts1328/run_20260704_231618_budget100_seeds100/seed_runs/seed_007217,12.092674006707966,1.5136360321193933,0.16448452975600958,10.408652171492577,9.764165317639709,7747,0.0012603801881553773,124
395,37.7457,45.56529999999999,6.886099999999999,17.80310864754183,219,13855,20.758644395507872,8,max_no_improve,0.4991749897076453,188.68940639269405,43.896699999999996,/var/tmp/anderson_oliveira/wqi-metaheuristics/results/grasp/av_paulista/elderly/dataset_hex177_impacts1328/run_20260704_231618_budget100_seeds100/seed_runs/seed_000395,20.758644395507872,2.6584354396909475,0.28107813373208046,17.80996251385659,16.559704459272325,13855,0.0011952150457793089,219
2949,40.4621,44.6051,5.925900000000006,15.320637448551176,85,5332,8.60139175131917,3,max_no_improve,0.49522238996822565,198.81741176470587,43.0145,/var/tmp/anderson_oliveira/wqi-metaheuristics/results/grasp/av_paulista/elderly/dataset_hex177_impacts1328/run_20260704_231618_budget100_seeds100/seed_runs/seed_002949,8.60139175131917,1.064281389117241,0.12300941254943609,7.409754700027406,6.965964617207646,5332,0.0013064449769706764,85
2177,38.0988,45.3784,6.699200000000005,17.31990320378913,106,6613,9.579663556069136,5,max_no_improve,0.5588618030249557,226.51537735849055,43.7907,/var/tmp/anderson_oliveira/wqi-metaheuristics/results/grasp/av_paulista/elderly/dataset_hex177_impacts1328/run_20260704_231618_budget100_seeds100/seed_runs/seed_002177,9.579663556069136,1.2192507553845644,0.13732296787202358,8.217528488487005,7.693737806752324,6613,0.0011634262523442195,106
4854,38.1235,44.053799999999995,5.374600000000001,13.895323584769077,87,5052,8.054031506180763,4,max_no_improve,0.5091355971314958,176.32678160919542,42.8014,/var/tmp/anderson_oliveira/wqi-metaheuristics/results/grasp/av_paulista/elderly/dataset_hex177_impacts1328/run_20260704_231618_budget100_seeds100/seed_runs/seed_004854,8.054031506180763,1.1057232720777392,0.12331752479076385,6.819672171957791,6.3323613200336695,5052,0.0012534365241555164,87
1356,36.9944,44.5886,5.909400000000005,15.27797886202405,188,12153,18.227868818677962,7,max_no_improve,0.6714108324064046,172.82164893617022,43.1057,/var/tmp/anderson_oliveira/wqi-metaheuristics/results/grasp/av_paulista/elderly/dataset_hex177_impacts1328/run_20260704_231618_budget100_seeds100/seed_runs/seed_001356,18.227868818677962,2.2639604937285185,0.23114551976323128,15.723899433389306,14.632438510656357,12153,0.0012040186382503378,188
3557,40.8476,44.7981,6.118900000000004,15.819613642474518,105,6553,9.24738365598023,4,max_no_improve,0.6651761212276339,211.87114285714287,43.0753,/var/tmp/anderson_oliveira/wqi-metaheuristics/results/grasp/av_paulista/elderly/dataset_hex177_impacts1328/run_20260704_231618_budget100_seeds100/seed_runs/seed_003557,9.24738365598023,1.174569196999073,0.12557290215045214,7.942184361629188,7.420017572119832,6553,0.0011323084956691336,105
3801,42.6783,45.1139,6.4347000000000065,16.63607313491491,159,10158,18.746598643250763,7,max_no_improve,0.4985598266886683,207.9361006289308,43.3547,/var/tmp/anderson_oliveira/wqi-metaheuristics/results/grasp/av_paulista/elderly/dataset_hex177_impacts1328/run_20260704_231618_budget100_seeds100/seed_runs/seed_003801,18.746598643250763,2.4558159317821264,0.2518069911748171,16.031656492501497,14.931309178471565,10158,0.001469906396778063,159
9674,41.924,45.323899999999995,6.6447,17.179000599805583,154,9355,13.469382834620774,6,max_no_improve,0.4996477179166787,194.29227272727272,43.2198,/var/tmp/anderson_oliveira/wqi-metaheuristics/results/grasp/av_paulista/elderly/dataset_hex177_impacts1328/run_20260704_231618_budget100_seeds100/seed_runs/seed_009674,13.469382834620774,1.761724659241736,0.18731321953237057,11.513330986723304,10.76532981917262,9355,0.0011507567952081903,154
516,36.6423,44.484,5.804800000000007,15.007549277130881,116,7288,10.826791901141405,5,max_no_improve,0.5445729617286102,235.17956896551726,43.6118,/var/tmp/anderson_oliveira/wqi-metaheuristics/results/grasp/av_paulista/elderly/dataset_hex177_impacts1328/run_20260704_231618_budget100_seeds100/seed_runs/seed_000516,10.826791901141405,1.3823419157415628,0.139419199898839,9.298945086076856,8.651998843066394,7288,0.001187156811617233,116
4089,40.2812,45.2281,6.548900000000003,16.93132226106022,104,6255,12.20934611465782,11,max_no_improve,0.5216896036514616,164.7464423076923,42.951899999999995,/var/tmp/anderson_oliveira/wqi-metaheuristics/results/grasp/av_paulista/elderly/dataset_hex177_impacts1328/run_20260704_231618_budget100_seeds100/seed_runs/seed_004089,12.20934611465782,1.5747284274548292,0.15803824923932552,10.470945293083787,9.761598525568843,6255,0.0015606072782684002,104
4937,40.757,45.0062,6.327000000000005,16.357628906492394,108,6781,10.622144294902682,5,max_no_improve,0.4895624947557383,218.7903703703704,43.1354,/var/tmp/anderson_oliveira/wqi-metaheuristics/results/grasp/av_paulista/elderly/dataset_hex177_impacts1328/run_20260704_231618_budget100_seeds100/seed_runs/seed_004937,10.622144294902682,1.3427867954596877,0.14420292805880308,9.12946906965226,8.547628974542022,6781,0.0012605263197967883,108
9998,42.4672,45.158199999999994,6.478999999999999,16.75060497631802,91,5630,8.027193313464522,3,max_no_improve,0.5122460761939025,138.07329670329668,43.6455,/var/tmp/anderson_oliveira/wqi-metaheuristics/results/grasp/av_paulista/elderly/dataset_hex177_impacts1328/run_20260704_231618_budget100_seeds100/seed_runs/seed_009998,8.027193313464522,1.0208439687266946,0.10993006452918053,6.892007125541568,6.4413218926638365,5630,0.0011441069081108057,91
3129,41.233,44.127700000000004,5.44850000000001,14.086382345033018,96,5855,8.546218288131058,4,max_no_improve,0.5612299810206584,197.318125,43.431200000000004,/var/tmp/anderson_oliveira/wqi-metaheuristics/results/grasp/av_paulista/elderly/dataset_hex177_impacts1328/run_20260704_231618_budget100_seeds100/seed_runs/seed_003129,8.546218288131058,1.1320705069229007,0.11702290270477533,7.292634913697839,6.795394469983876,5855,0.0011606139146001495,96
2887,41.7079,45.2049,6.525700000000008,16.87134170303421,102,6453,10.043314878828824,3,max_no_improve,0.5024215572075506,210.1573529411765,43.2794,/var/tmp/anderson_oliveira/wqi-metaheuristics/results/grasp/av_paulista/elderly/dataset_hex177_impacts1328/run_20260704_231618_budget100_seeds100/seed_runs/seed_002887,10.043314878828824,1.2403308376669884,0.15283171460032463,8.641115081496537,8.070647074840963,6453,0.0012506814000993278,102
7411,41.7342,45.0604,6.381200000000007,16.497755899811807,161,9837,14.025310606695712,6,max_no_improve,0.60068819373662,248.30347826086958,42.9677,/var/tmp/anderson_oliveira/wqi-metaheuristics/results/grasp/av_paulista/elderly/dataset_hex177_impacts1328/run_20260704_231618_budget100_seeds100/seed_runs/seed_007411,14.025310606695712,1.823675600811839,0.1888659493997693,12.005180971696973,11.206034055911005,9837,0.0011391719076863885,161
3764,38.2638,44.714600000000004,6.03540000000001,15.603735340958476,148,9153,14.576768355444074,10,max_no_improve,0.5159793671214837,226.89506756756757,43.3415,/var/tmp/anderson_oliveira/wqi-metaheuristics/results/grasp/av_paulista/elderly/dataset_hex177_impacts1328/run_20260704_231618_budget100_seeds100/seed_runs/seed_003764,14.576768355444074,1.904230859130621,0.1990069169551134,12.466446718201041,11.668226142413914,9153,0.0012747980052894038,148
6307,41.3078,44.6318,5.952600000000004,15.389666797658704,127,8177,12.827741413377225,6,max_no_improve,0.5137502526078933,166.28834645669292,42.9655,/var/tmp/anderson_oliveira/wqi-metaheuristics/results/grasp/av_paulista/elderly/dataset_hex177_impacts1328/run_20260704_231618_budget100_seeds100/seed_runs/seed_006307,12.827741413377225,1.5791678288951516,0.1841929592192173,11.05844334512949,10.31761636491865,8177,0.0012617850513536321,127
4141,39.1201,44.220600000000005,5.54140000000001,14.326563114025138,95,5973,9.176685736514628,5,max_no_improve,0.6716710933651459,200.692,42.9787,/var/tmp/anderson_oliveira/wqi-metaheuristics/results/grasp/av_paulista/elderly/dataset_hex177_impacts1328/run_20260704_231618_budget100_seeds100/seed_runs/seed_004141,9.176685736514628,1.1364487363025546,0.1287505766376853,7.906694244593382,7.394307090900838,5973,0.0012379553140634252,95
8694,37.194900000000004,44.76649999999999,6.087299999999999,15.737915985852862,122,7795,12.626424321904778,8,max_no_improve,0.5074809556551598,182.81909836065574,43.6835,/var/tmp/anderson_oliveira/wqi-metaheuristics/results/grasp/av_paulista/elderly/dataset_hex177_impacts1328/run_20260704_231618_budget100_seeds100/seed_runs/seed_008694,12.626424321904778,1.5380151281133294,0.1685682674869895,10.909631051123142,10.194554024375975,7795,0.0013078324598301443,122
3415,44.445899999999995,45.3009,6.621700000000004,17.119537115555662,128,8157,12.802101048640907,3,max_no_improve,0.6527433287002677,187.464296875,44.4524,/var/tmp/anderson_oliveira/wqi-metaheuristics/results/grasp/av_paulista/elderly/dataset_hex177_impacts1328/run_20260704_231618_budget100_seeds100/seed_runs/seed_003415,12.802101048640907,1.6319626299664378,0.16370619274675846,11.000347800552845,10.32326968293637,8157,0.0012655718625642234,128
1149,41.906600000000005,44.3337,5.654500000000006,14.61896833440197,197,12013,17.520769376307726,7,max_no_improve,0.48514364085292383,201.82274111675127,43.4757,/var/tmp/anderson_oliveira/wqi-metaheuristics/results/grasp/av_paulista/elderly/dataset_hex177_impacts1328/run_20260704_231618_budget100_seeds100/seed_runs/seed_001149,17.520769376307726,2.306632130406797,0.2369026467204094,14.968653235584497,13.968870697543025,12013,0.0011628128442140201,197
7946,37.1358,44.5526,5.873400000000004,15.184905582328499,134,8489,12.74959827400744,9,max_no_improve,0.5976564364976551,191.36813432835822,43.6721,/var/tmp/anderson_oliveira/wqi-metaheuristics/results/grasp/av_paulista/elderly/dataset_hex177_impacts1328/run_20260704_231618_budget100_seeds100/seed_runs/seed_007946,12.74959827400744,1.5617878837510943,0.19552576262503862,10.985746269114316,10.247324643656611,8489,0.0012071297730777018,134
3459,41.6332,44.9213,6.242100000000008,16.138131088543734,160,10296,14.911691427230835,6,max_no_improve,0.5144771929560915,196.3466875,43.6847,/var/tmp/anderson_oliveira/wqi-metaheuristics/results/grasp/av_paulista/elderly/dataset_hex177_impacts1328/run_20260704_231618_budget100_seeds100/seed_runs/seed_003459,14.911691427230835,1.8556524123996496,0.18789581023156643,12.86056596506387,11.981292993761599,10296,0.001163684245703341,160
6469,36.877,44.917699999999996,6.238500000000002,16.128823760574164,134,8460,12.592246511019766,4,max_no_improve,0.5144837364683027,176.96462686567165,43.793499999999995,/var/tmp/anderson_oliveira/wqi-metaheuristics/results/grasp/av_paulista/elderly/dataset_hex177_impacts1328/run_20260704_231618_budget100_seeds100/seed_runs/seed_006469,12.592246511019766,1.594489916227758,0.16696020681411028,10.824361610226333,10.124238823540509,8460,0.001196718537061526,134
6304,38.6688,44.6496,5.970400000000005,15.435686363730394,184,11254,17.270319391973317,10,max_no_improve,0.6542193139650022,219.26179347826087,43.3975,/var/tmp/anderson_oliveira/wqi-metaheuristics/results/grasp/av_paulista/elderly/dataset_hex177_impacts1328/run_20260704_231618_budget100_seeds100/seed_runs/seed_006304,17.270319391973317,2.267083402723074,0.25398392230272293,14.74113042652607,13.719773796387017,11254,0.0012191019900823722,184
6415,41.9417,45.3562,6.677000000000007,17.26250801464355,128,8020,15.112746212631464,5,max_no_improve,0.5143126962289574,214.22023437500002,43.2463,/var/tmp/anderson_oliveira/wqi-metaheuristics/results/grasp/av_paulista/elderly/dataset_hex177_impacts1328/run_20260704_231618_budget100_seeds100/seed_runs/seed_006415,15.112746212631464,1.8665818069130182,0.21072735451161861,13.028922392055392,12.145502078346908,8020,0.0015144017554048514,128
9861,39.616,44.8708,6.191600000000008,16.007569960081927,104,6417,10.530251680873334,6,max_no_improve,0.5153118222383093,183.32307692307694,43.8001,/var/tmp/anderson_oliveira/wqi-metaheuristics/results/grasp/av_paulista/elderly/dataset_hex177_impacts1328/run_20260704_231618_budget100_seeds100/seed_runs/seed_009861,10.530251680873334,1.3978987783193588,0.14071342535316944,8.986317268572748,8.432637394405901,6417,0.0013141089908689264,104
733,36.7694,44.8386,6.159400000000005,15.924321082132014,118,7248,10.803172850050032,5,max_no_improve,0.517690393256659,235.97516949152543,43.4187,/var/tmp/anderson_oliveira/wqi-metaheuristics/results/grasp/av_paulista/elderly/dataset_hex177_impacts1328/run_20260704_231618_budget100_seeds100/seed_runs/seed_000733,10.803172850050032,1.3741982206702232,0.13791744876652956,9.285344236530364,8.66246837656945,7248,0.0011951529217121206,118
9836,38.221000000000004,45.022999999999996,6.343800000000002,16.40106310368364,136,8611,13.245078600011766,6,max_no_improve,0.45131189210834444,194.9022794117647,43.1192,/var/tmp/anderson_oliveira/wqi-metaheuristics/results/grasp/av_paulista/elderly/dataset_hex177_impacts1328/run_20260704_231618_budget100_seeds100/seed_runs/seed_009836,13.245078600011766,1.6266366727650166,0.1625487031415105,11.449321627616882,10.685018926858902,8611,0.0012408569186922428,136
2885,36.665499999999994,44.6964,6.0172000000000025,15.556681627334596,143,8781,13.397284037433565,9,max_no_improve,0.4935527911385633,225.42566433566432,43.3411,/var/tmp/anderson_oliveira/wqi-metaheuristics/results/grasp/av_paulista/elderly/dataset_hex177_impacts1328/run_20260704_231618_budget100_seeds100/seed_runs/seed_002885,13.397284037433565,1.7983913915231824,0.18454138841480017,11.407859975472093,10.591463307850063,8781,0.0012061796273602167,143
8469,41.487700000000004,45.0607,6.381500000000003,16.498531510475924,159,9927,14.60406069457531,5,max_no_improve,0.5654029639869744,167.37245283018868,44.27759999999999,/var/tmp/anderson_oliveira/wqi-metaheuristics/results/grasp/av_paulista/elderly/dataset_hex177_impacts1328/run_20260704_231618_budget100_seeds100/seed_runs/seed_008469,14.60406069457531,1.8680829592049122,0.19199469778686762,12.536722887307405,11.711380762979388,9927,0.001179750253145904,159
6466,44.0856,45.7809,7.101700000000008,18.360514178162962,155,9814,15.99489067774266,3,max_no_improve,0.5420814652424194,200.63948387096772,44.1319,/var/tmp/anderson_oliveira/wqi-metaheuristics/results/grasp/av_paulista/elderly/dataset_hex177_impacts1328/run_20260704_231618_budget100_seeds100/seed_runs/seed_006466,15.99489067774266,1.9909196207299829,0.21970062609761953,13.775822049938142,12.823013049550354,9814,0.001306604141996164,155
417,40.772,44.6747,5.995500000000007,15.500579122629235,82,4960,7.816544279456139,2,max_no_improve,0.48612492971969345,201.15719512195122,43.2285,/var/tmp/anderson_oliveira/wqi-metaheuristics/results/grasp/av_paulista/elderly/dataset_hex177_impacts1328/run_20260704_231618_budget100_seeds100/seed_runs/seed_000417,7.816544279456139,1.0248090671375394,0.10050696786493063,6.687016955576837,6.246317503973842,4960,0.001259338206446339,82
446,42.219300000000004,45.2799,6.600700000000003,17.06524436906659,146,9028,13.29381691198796,5,max_no_improve,0.5741297221900895,210.02541095890413,43.4109,/var/tmp/anderson_oliveira/wqi-metaheuristics/results/grasp/av_paulista/elderly/dataset_hex177_impacts1328/run_20260704_231618_budget100_seeds100/seed_runs/seed_000446,13.29381691198796,1.6943799331784248,0.18268034793436527,11.409646339714527,10.662909222766757,9028,0.0011810931793051348,146
9895,42.6123,44.5142,5.835000000000008,15.085627417319927,217,13334,20.01029758248478,6,max_no_improve,0.6073947581924973,180.59493087557604,43.35679999999999,/var/tmp/anderson_oliveira/wqi-metaheuristics/results/grasp/av_paulista/elderly/dataset_hex177_impacts1328/run_20260704_231618_budget100_seeds100/seed_runs/seed_009895,20.01029758248478,2.6129773147404194,0.2827953053638339,17.105311413295567,15.973413835279644,13334,0.0011979461403389562,217
2937,41.9815,44.876599999999996,6.197400000000002,16.022565099588416,113,6937,10.607402645982802,4,max_no_improve,0.6282463007211246,220.60725663716812,43.2657,/var/tmp/anderson_oliveira/wqi-metaheuristics/results/grasp/av_paulista/elderly/dataset_hex177_impacts1328/run_20260704_231618_budget100_seeds100/seed_runs/seed_002937,10.607402645982802,1.4178905300796032,0.13366122357547283,9.050259080715477,8.422356865368783,6937,0.0012141209262460405,113
3462,41.8362,45.588699999999996,6.909500000000001,17.863606279343944,258,16502,25.115973717533052,9,max_no_improve,0.4760932721876495,173.80732558139536,43.243,/var/tmp/anderson_oliveira/wqi-metaheuristics/results/grasp/av_paulista/elderly/dataset_hex177_impacts1328/run_20260704_231618_budget100_seeds100/seed_runs/seed_003462,25.115973717533052,3.2004481311887503,0.32773593720048666,21.577895818278193,20.06671733595431,16502,0.001216017290992262,258
5173,40.50620000000001,44.4833,5.804100000000005,15.005739518914575,105,6472,9.420501807704568,4,max_no_improve,0.5166943246340017,274.89438095238097,43.4603,/var/tmp/anderson_oliveira/wqi-metaheuristics/results/grasp/av_paulista/elderly/dataset_hex177_impacts1328/run_20260704_231618_budget100_seeds100/seed_runs/seed_005173,9.420501807704568,1.2236539479345083,0.12525129225105047,8.066367112100124,7.542445478029549,6472,0.001165396396481698,105
3589,36.4812,45.0963,6.417100000000005,16.590570642619305,338,22501,33.704012288711965,12,max_no_improve,0.5103987069850442,215.29576923076922,43.8689,/var/tmp/anderson_oliveira/wqi-metaheuristics/results/grasp/av_paulista/elderly/dataset_hex177_impacts1328/run_20260704_231618_budget100_seeds100/seed_runs/seed_003589,33.704012288711965,4.184541234746575,0.4391139540821314,29.06742563750595,27.019835107028484,22501,0.0012008281901705917,338
1858,39.2211,44.847899999999996,6.168700000000001,15.94836501272002,143,8816,12.87115840613842,6,max_no_improve,0.5314192498413626,146.873986013986,43.5005,/var/tmp/anderson_oliveira/wqi-metaheuristics/results/grasp/av_paulista/elderly/dataset_hex177_impacts1328/run_20260704_231618_budget100_seeds100/seed_runs/seed_001858,12.87115840613842,1.6346720792353153,0.17404753435403109,11.055165003053844,10.339595795609057,8816,0.0011728216646561998,143
7558,42.5651,45.7585,7.0793000000000035,18.302601915241276,99,6331,9.149194732308388,4,max_no_improve,0.5182482668211332,197.87181818181818,44.2157,/var/tmp/anderson_oliveira/wqi-metaheuristics/results/grasp/av_paulista/elderly/dataset_hex177_impacts1328/run_20260704_231618_budget100_seeds100/seed_runs/seed_007558,9.149194732308388,1.1351586822420359,0.12653036415576935,7.882390855811536,7.372408110648394,6331,0.001164493462430642,99
9580,42.830600000000004,45.202200000000005,6.52300000000001,16.864361207057055,88,5500,7.884364105761051,2,max_no_improve,0.5030538245414131,140.3244318181818,42.8895,/var/tmp/anderson_oliveira/wqi-metaheuristics/results/grasp/av_paulista/elderly/dataset_hex177_impacts1328/run_20260704_231618_budget100_seeds100/seed_runs/seed_009580,7.884364105761051,1.00428397487849,0.10565716493874788,6.7701171254739165,6.315158491954207,5500,0.001148210634900765,88
2767,37.1663,45.5567,6.877500000000005,17.780874475170133,173,10755,15.840992732904851,8,max_no_improve,0.5611245451907497,228.80664739884395,43.497,/var/tmp/anderson_oliveira/wqi-metaheuristics/results/grasp/av_paulista/elderly/dataset_hex177_impacts1328/run_20260704_231618_budget100_seeds100/seed_runs/seed_002767,15.840992732904851,2.0075858468189836,0.20018282439559698,13.625379067845643,12.72242271155119,10755,0.0011829309820131277,173
4332,37.1511,44.6689,5.989700000000006,15.48558398312273,119,7319,11.005623509176075,4,max_no_improve,0.5197883229555443,207.06067226890758,43.2187,/var/tmp/anderson_oliveira/wqi-metaheuristics/results/grasp/av_paulista/elderly/dataset_hex177_impacts1328/run_20260704_231618_budget100_seeds100/seed_runs/seed_004332,11.005623509176075,1.441786034964025,0.13811706099659204,9.419526316225529,8.794558583758771,7319,0.0012016065833800754,119
4432,43.2121,44.6679,5.988700000000009,15.482998614242304,137,8649,12.86614424455911,3,max_no_improve,0.618435915394189,186.20021897810219,43.2998,/var/tmp/anderson_oliveira/wqi-metaheuristics/results/grasp/av_paulista/elderly/dataset_hex177_impacts1328/run_20260704_231618_budget100_seeds100/seed_runs/seed_004432,12.86614424455911,1.6257584867998958,0.18002378102391958,11.054180362261832,10.343030422925949,8649,0.0011958643106631923,137
4878,40.7168,44.3031,5.623900000000006,14.539856046660754,114,7135,10.432271543890238,5,max_no_improve,0.5697545705747277,198.23070175438596,43.6396,/var/tmp/anderson_oliveira/wqi-metaheuristics/results/grasp/av_paulista/elderly/dataset_hex177_impacts1328/run_20260704_231618_budget100_seeds100/seed_runs/seed_004878,10.432271543890238,1.3289631251245737,0.14007345493882895,8.957674860022962,8.368434818461537,7135,0.001172871032720608,114
2141,36.1413,45.1268,6.447600000000008,16.669424393472486,193,12444,19.470880223438144,7,max_no_improve,0.5253489414844491,192.28062176165804,43.963899999999995,/var/tmp/anderson_oliveira/wqi-metaheuristics/results/grasp/av_paulista/elderly/dataset_hex177_impacts1328/run_20260704_231618_budget100_seeds100/seed_runs/seed_002141,19.470880223438144,2.513631684705615,0.2554648229852319,16.693798798136413,15.474678574129939,12444,0.001243545369184341,193
596,44.4319,44.7509,6.071700000000007,15.697584231318146,143,8362,12.294136807322502,2,max_no_improve,0.49586688742017293,202.52167832167834,43.2178,/var/tmp/anderson_oliveira/wqi-metaheuristics/results/grasp/av_paulista/elderly/dataset_hex177_impacts1328/run_20260704_231618_budget100_seeds100/seed_runs/seed_000596,12.294136807322502,1.6663971599191427,0.17173679266124964,10.449642897583544,9.748879309743643,8362,0.0011658549760516195,143
9723,36.796,45.1293,6.450100000000006,16.67588781567356,144,9228,13.785178126767278,5,max_no_improve,0.5483583478671921,188.93486111111113,43.5911,/var/tmp/anderson_oliveira/wqi-metaheuristics/results/grasp/av_paulista/elderly/dataset_hex177_impacts1328/run_20260704_231618_budget100_seeds100/seed_runs/seed_009723,13.785178126767278,1.7002340462058783,0.18130804598331451,11.896279199048877,11.120844305492938,9228,0.001205119668995767,144
8551,40.563100000000006,44.956,6.276800000000009,16.227843388694723,122,7541,11.707857862114906,5,max_no_improve,0.521182883916872,210.60663934426228,43.1565,/var/tmp/anderson_oliveira/wqi-metaheuristics/results/grasp/av_paulista/elderly/dataset_hex177_impacts1328/run_20260704_231618_budget100_seeds100/seed_runs/seed_008551,11.707857862114906,1.5401975866407156,0.1624339334666729,9.999539451673627,9.31890812702477,7541,0.0012357655651803168,122
1273,44.1455,44.444900000000004,5.76570000000001,14.906461353906002,143,8402,12.751203742809594,3,max_no_improve,0.5109421959690309,213.33482517482517,43.2691,/var/tmp/anderson_oliveira/wqi-metaheuristics/results/grasp/av_paulista/elderly/dataset_hex177_impacts1328/run_20260704_231618_budget100_seeds100/seed_runs/seed_001273,12.751203742809594,1.7035172702744603,0.18553501460701227,10.855653390288353,10.174967200495303,8402,0.0012110172816585697,143
4374,36.4812,44.5171,5.837900000000005,15.09312498707317,112,7252,10.48302143998444,6,max_no_improve,0.5817177347567486,165.63107142857143,43.7597,/var/tmp/anderson_oliveira/wqi-metaheuristics/results/grasp/av_paulista/elderly/dataset_hex177_impacts1328/run_20260704_231618_budget100_seeds100/seed_runs/seed_004374,10.48302143998444,1.3163251979276538,0.13442770298570395,9.0268679773435,8.424789123237133,7252,0.0011617194047486394,112
7206,40.3499,44.3834,5.704200000000007,14.747461167759438,151,9775,13.928547973744571,5,max_no_improve,0.5295545516381966,216.80761589403977,43.053,/var/tmp/anderson_oliveira/wqi-metaheuristics/results/grasp/av_paulista/elderly/dataset_hex177_impacts1328/run_20260704_231618_budget100_seeds100/seed_runs/seed_007206,13.928547973744571,1.720121793448925,0.1860547373071313,12.01557039655745,11.221612880937755,9775,0.0011479910875639647,151
6473,36.829600000000006,44.836,6.156800000000004,15.917599123042889,199,12389,19.521091850474477,8,max_no_improve,0.6169669610554495,203.29125628140704,43.6434,/var/tmp/anderson_oliveira/wqi-metaheuristics/results/grasp/av_paulista/elderly/dataset_hex177_impacts1328/run_20260704_231618_budget100_seeds100/seed_runs/seed_006473,19.521091850474477,2.706647414714098,0.2654492827132344,16.540374436415732,15.314047356136143,12389,0.0012361003596848934,199
2133,38.7054,45.1249,6.445700000000002,16.66451219259965,150,9289,13.17096397280693,5,max_no_improve,0.5374193746338414,205.12613333333334,43.4122,/var/tmp/anderson_oliveira/wqi-metaheuristics/results/grasp/av_paulista/elderly/dataset_hex177_impacts1328/run_20260704_231618_budget100_seeds100/seed_runs/seed_002133,13.17096397280693,1.6886173728853464,0.17445083428174257,11.30106682702899,10.549897839315236,9289,0.00113574096666113,150
5230,44.556,44.556,5.876800000000003,15.193695836521965,81,4964,9.324661822989583,1,max_no_improve,0.51841473423495,185.55777777777777,43.019400000000005,/var/tmp/anderson_oliveira/wqi-metaheuristics/results/grasp/av_paulista/elderly/dataset_hex177_impacts1328/run_20260704_231618_budget100_seeds100/seed_runs/seed_005230,9.324661822989583,1.2520410511642694,0.11262472812086344,7.955636891536415,7.3747471906244755,4964,0.0014856460899726985,81
8986,43.9921,45.6394,6.9602000000000075,17.994684481581857,163,10760,15.52218468580395,4,max_no_improve,0.6503479068695276,183.42177914110428,43.965799999999994,/var/tmp/anderson_oliveira/wqi-metaheuristics/results/grasp/av_paulista/elderly/dataset_hex177_impacts1328/run_20260704_231618_budget100_seeds100/seed_runs/seed_008986,15.52218468580395,1.869546969421208,0.196523598395288,13.448076956905425,12.527992505580187,10760,0.001164311571150575,163
4897,42.3042,44.598299999999995,5.9191,15.303056940164227,93,5912,8.96860331017524,4,max_no_improve,0.626631042806305,198.1988172043011,43.184,/var/tmp/anderson_oliveira/wqi-metaheuristics/results/grasp/av_paulista/elderly/dataset_hex177_impacts1328/run_20260704_231618_budget100_seeds100/seed_runs/seed_004897,8.96860331017524,1.1231575245037675,0.11027911026030779,7.730379460379481,7.212985098361969,5912,0.0012200583725240138,93
2067,42.362899999999996,45.320499999999996,6.641300000000001,17.170210345612116,142,8593,12.252044158987701,6,max_no_improve,0.6238707909991973,165.17225352112675,43.591,/var/tmp/anderson_oliveira/wqi-metaheuristics/results/grasp/av_paulista/elderly/dataset_hex177_impacts1328/run_20260704_231618_budget100_seeds100/seed_runs/seed_002067,12.252044158987701,1.5729034142568707,0.17413443233817816,10.498398366384208,9.816667492501438,8593,0.0011424028270105246,142
5455,42.67400000000001,45.4542,6.775000000000006,17.51587416492587,95,6112,8.851344680413604,5,max_no_improve,0.4859861017350223,184.13578947368418,43.3592,/var/tmp/anderson_oliveira/wqi-metaheuristics/results/grasp/av_paulista/elderly/dataset_hex177_impacts1328/run_20260704_231618_budget100_seeds100/seed_runs/seed_005455,8.851344680413604,1.1286296136677265,0.11831844411790371,7.599451788701117,7.103108151815832,6112,0.0011621577473520668,95
9300,41.665499999999994,44.82940000000001,6.150200000000012,15.90053568843206,105,6462,10.075726453214884,7,max_no_improve,0.6457195411276621,160.9122857142857,42.9885,/var/tmp/anderson_oliveira/wqi-metaheuristics/results/grasp/av_paulista/elderly/dataset_hex177_impacts1328/run_20260704_231618_budget100_seeds100/seed_runs/seed_009300,10.075726453214884,1.3402071297168732,0.14287796337157488,8.587589957751334,7.98969672806561,6462,0.0012364123689361823,105
6777,41.2369,44.2478,5.5686000000000035,14.396885147572867,132,8065,11.45804651454091,6,max_no_improve,0.4611211685117875,180.8510606060606,42.6438,/var/tmp/anderson_oliveira/wqi-metaheuristics/results/grasp/av_paulista/elderly/dataset_hex177_impacts1328/run_20260704_231618_budget100_seeds100/seed_runs/seed_006777,11.45804651454091,1.4795854724943638,0.16040701232850552,9.8111506216228,9.167647117748857,8065,0.0011367200393984944,132
8488,38.0913,45.3497,6.670500000000004,17.245703116920737,106,6624,9.532001870684326,3,max_no_improve,0.515646504127856,228.50198113207546,42.707300000000004,/var/tmp/anderson_oliveira/wqi-metaheuristics/results/grasp/av_paulista/elderly/dataset_hex177_impacts1328/run_20260704_231618_budget100_seeds100/seed_runs/seed_008488,9.532001870684326,1.2339117489755154,0.13220091350376606,8.160658225417137,7.614718455821276,6624,0.0011495649842725355,106
471,42.6836,45.134499999999996,6.455300000000001,16.68933173385179,211,13085,19.997313895262778,5,max_no_improve,0.5483218581236861,192.72289099526066,43.7777,/var/tmp/anderson_oliveira/wqi-metaheuristics/results/grasp/av_paulista/elderly/dataset_hex177_impacts1328/run_20260704_231618_budget100_seeds100/seed_runs/seed_000471,19.997313895262778,2.533952724188566,0.2719672713428736,17.18247934896499,16.000874682329595,13085,0.0012228410150805957,211
689,37.994299999999996,43.848299999999995,5.1691,13.364030279840332,88,5362,8.042053487151861,3,max_no_improve,0.5790281907199306,163.79511363636365,42.7125,/var/tmp/anderson_oliveira/wqi-metaheuristics/results/grasp/av_paulista/elderly/dataset_hex177_impacts1328/run_20260704_231618_budget100_seeds100/seed_runs/seed_000689,8.042053487151861,1.0287068961188197,0.1098849717527628,6.898733869194984,6.467774377204478,5362,0.0012062242404335096,88
2411,42.3135,44.625699999999995,5.9465,15.37389604748806,197,12308,17.907971100881696,8,max_no_improve,0.4519394825148527,207.00233502538072,43.3297,/var/tmp/anderson_oliveira/wqi-metaheuristics/results/grasp/av_paulista/elderly/dataset_hex177_impacts1328/run_20260704_231618_budget100_seeds100/seed_runs/seed_002411,17.907971100881696,2.298165548592806,0.23982312716543674,15.361276584677398,14.345818419009447,12308,0.0011655686073293342,197
3646,38.3865,44.5922,5.913000000000004,15.287286189993601,93,5926,9.441245837137103,5,max_no_improve,0.5860119693849436,197.2488172043011,43.298,/var/tmp/anderson_oliveira/wqi-metaheuristics/results/grasp/av_paulista/elderly/dataset_hex177_impacts1328/run_20260704_231618_budget100_seeds100/seed_runs/seed_003646,9.441245837137103,1.2191200507804751,0.14217669516801834,8.075229868292809,7.50122001953423,5926,0.0012658150556082062,93
2036,40.477199999999996,44.5823,5.903100000000002,15.26169103807732,87,5642,8.274077326990664,4,max_no_improve,0.4500272909547979,225.4054022988506,43.770300000000006,/var/tmp/anderson_oliveira/wqi-metaheuristics/results/grasp/av_paulista/elderly/dataset_hex177_impacts1328/run_20260704_231618_budget100_seeds100/seed_runs/seed_002036,8.274077326990664,1.0212791077792645,0.11242098640650511,7.136006667278707,6.624403853900731,5642,0.0011741233346155141,87
4428,42.4502,45.6169,6.937700000000007,17.936513681772134,83,5347,8.302047452889383,2,max_no_improve,0.6221090291029527,184.3219277108434,43.852199999999996,/var/tmp/anderson_oliveira/wqi-metaheuristics/results/grasp/av_paulista/elderly/dataset_hex177_impacts1328/run_20260704_231618_budget100_seeds100/seed_runs/seed_004428,8.302047452889383,1.0239332783967257,0.10343215242028236,7.170365353114903,6.690147741697729,5347,0.001251196510510142,83
7735,40.5425,44.3485,5.669300000000007,14.657231793832365,140,8736,13.879754454828799,10,max_no_improve,0.5077382284275223,245.70642857142857,42.8648,/var/tmp/anderson_oliveira/wqi-metaheuristics/results/grasp/av_paulista/elderly/dataset_hex177_impacts1328/run_20260704_231618_budget100_seeds100/seed_runs/seed_007735,13.879754454828799,1.8595511047169566,0.1979728899896145,11.815510779619217,10.98122154083103,8736,0.0012570079602599621,140
9016,42.2813,44.6976,6.018400000000007,15.559784069991126,112,6880,10.310203571803868,5,max_no_improve,0.5467907533482446,199.78455357142857,43.2382,/var/tmp/anderson_oliveira/wqi-metaheuristics/results/grasp/av_paulista/elderly/dataset_hex177_impacts1328/run_20260704_231618_budget100_seeds100/seed_runs/seed_009016,10.310203571803868,1.3197094593197107,0.13823958672583103,8.846427151933312,8.271884785965085,6880,0.0012023088351693439,112
7987,38.0458,44.5904,5.911200000000008,15.282632526008834,98,6262,9.42421492934227,6,max_no_improve,0.5454852479787142,179.48479591836735,43.0627,/var/tmp/anderson_oliveira/wqi-metaheuristics/results/grasp/av_paulista/elderly/dataset_hex177_impacts1328/run_20260704_231618_budget100_seeds100/seed_runs/seed_007987,9.42421492934227,1.150087951682508,0.12140648066997528,8.14740867447108,7.609514312818646,6262,0.0012151891269272831,98
6640,37.1859,44.644800000000004,5.965600000000009,15.423276593104328,117,6930,10.431381948292255,3,max_no_improve,0.505887814855778,250.41170940170943,43.8016,/var/tmp/anderson_oliveira/wqi-metaheuristics/results/grasp/av_paulista/elderly/dataset_hex177_impacts1328/run_20260704_231618_budget100_seeds100/seed_runs/seed_006640,10.431381948292255,1.4171616472303867,0.14490499254316092,8.863199611194432,8.281645027920604,6930,0.0011950425725715157,117
3235,38.5846,44.391600000000004,5.7124000000000095,14.768661192578984,189,12073,17.656320376321673,7,max_no_improve,0.5769447433426063,194.33703703703702,43.210499999999996,/var/tmp/anderson_oliveira/wqi-metaheuristics/results/grasp/av_paulista/elderly/dataset_hex177_impacts1328/run_20260704_231618_budget100_seeds100/seed_runs/seed_003235,17.656320376321673,2.2130213286727667,0.2329573156312108,15.202214234508574,14.200867437757552,12073,0.0011762500983813096,189
1065,40.3386,44.70269999999999,6.0234999999999985,15.572969451281308,258,16561,24.964800209738314,9,max_no_improve,0.5137822163261562,183.90108527131784,43.8174,/var/tmp/anderson_oliveira/wqi-metaheuristics/results/grasp/av_paulista/elderly/dataset_hex177_impacts1328/run_20260704_231618_budget100_seeds100/seed_runs/seed_001065,24.964800209738314,3.216337202116847,0.3266196520999074,21.41364238411188,19.872639781795442,16561,0.0011999661724410025,258
9480,38.387299999999996,44.560900000000004,5.881700000000009,15.2063641440361,190,12055,18.236004910431802,9,max_no_improve,0.497422096480414,186.49952631578947,43.2449,/var/tmp/anderson_oliveira/wqi-metaheuristics/results/grasp/av_paulista/elderly/dataset_hex177_impacts1328/run_20260704_231618_budget100_seeds100/seed_runs/seed_009480,18.236004910431802,2.3818353740498424,0.24228357709944248,15.605408911593258,14.484259385615587,12055,0.0012015146732157268,190
634,41.3546,45.23009999999999,6.550899999999999,16.936492998821073,211,13521,20.391459229402244,7,max_no_improve,0.6252895447559939,179.87421800947868,43.695499999999996,/var/tmp/anderson_oliveira/wqi-metaheuristics/results/grasp/av_paulista/elderly/dataset_hex177_impacts1328/run_20260704_231618_budget100_seeds100/seed_runs/seed_000634,20.391459229402244,2.6183958910405636,0.267667387612164,17.498311009258032,16.237586547620595,13521,0.0012009160970061826,211
8513,42.1917,44.7757,6.096500000000006,15.761701379552852,115,7092,10.530042286030948,4,max_no_improve,0.5780514002632021,195.4134782608696,43.252900000000004,/var/tmp/anderson_oliveira/wqi-metaheuristics/results/grasp/av_paulista/elderly/dataset_hex177_impacts1328/run_20260704_231618_budget100_seeds100/seed_runs/seed_008513,10.530042286030948,1.3895601909607649,0.14235671889036894,8.992661568336189,8.364176705479622,7092,0.0011793819381668953,115
7110,42.0178,45.2855,6.6063000000000045,17.07972243479701,176,10825,16.23962322343141,8,max_no_improve,0.4637487713231959,179.45454545454547,43.07600000000001,/var/tmp/anderson_oliveira/wqi-metaheuristics/results/grasp/av_paulista/elderly/dataset_hex177_impacts1328/run_20260704_231618_budget100_seeds100/seed_runs/seed_007110,16.23962322343141,2.148585256189108,0.22047496680170298,13.86426464933902,12.884588589891791,10825,0.0011902622253941609,176
4843,43.2327,44.756600000000006,6.0774000000000115,15.712320833936618,92,5910,8.527148522436619,2,max_no_improve,0.7072795235134295,219.26369565217396,43.0433,/var/tmp/anderson_oliveira/wqi-metaheuristics/results/grasp/av_paulista/elderly/dataset_hex177_impacts1328/run_20260704_231618_budget100_seeds100/seed_runs/seed_004843,8.527148522436619,1.0779991336166859,0.10977113898843527,7.335921106860042,6.830164223909378,5910,0.0011556961461775598,92
9399,42.5967,45.0022,6.3230000000000075,16.347287430970674,243,15174,23.307497278787196,5,max_no_improve,0.47981876959256287,230.23925925925926,43.373900000000006,/var/tmp/anderson_oliveira/wqi-metaheuristics/results/grasp/av_paulista/elderly/dataset_hex177_impacts1328/run_20260704_231618_budget100_seeds100/seed_runs/seed_009399,23.307497278787196,3.1183654638007283,0.315104559995234,19.866248386912048,18.425815479829907,15174,0.0012143017978008374,243
6964,38.5273,44.6336,5.954400000000007,15.394320461643488,196,12344,18.63415204361081,12,max_no_improve,0.4408689096003533,177.3158673469388,43.1139,/var/tmp/anderson_oliveira/wqi-metaheuristics/results/grasp/av_paulista/elderly/dataset_hex177_impacts1328/run_20260704_231618_budget100_seeds100/seed_runs/seed_006964,18.63415204361081,2.445709195919335,0.2486448148265481,15.933111653663218,14.792877718806267,12344,0.001198386075729607,196
6297,41.4238,45.044,6.3648000000000025,16.45535585017271,202,12469,18.736217975616455,9,max_no_improve,0.6039809544553087,199.15945544554452,43.864700000000006,/var/tmp/anderson_oliveira/wqi-metaheuristics/results/grasp/av_paulista/elderly/dataset_hex177_impacts1328/run_20260704_231618_budget100_seeds100/seed_runs/seed_006297,18.736217975616455,2.5038303351029754,0.253903117030859,15.971716149710119,14.837857300415635,12469,0.001189979733773008,202
652,43.4823,44.7048,6.025600000000004,15.578398725930228,167,9947,15.026628580875695,4,max_no_improve,0.51407309418373,219.51437125748498,43.0556,/var/tmp/anderson_oliveira/wqi-metaheuristics/results/grasp/av_paulista/elderly/dataset_hex177_impacts1328/run_20260704_231618_budget100_seeds100/seed_runs/seed_000652,15.026628580875695,2.07752054836601,0.20914406143128872,12.734629801474512,11.842859553173184,9947,0.0011905961147253628,167
8740,36.7704,45.0693,6.390100000000004,16.520765682847642,203,12239,18.83869290072471,6,max_no_improve,0.5058556308773479,174.87911330049258,43.1469,/var/tmp/anderson_oliveira/wqi-metaheuristics/results/grasp/av_paulista/elderly/dataset_hex177_impacts1328/run_20260704_231618_budget100_seeds100/seed_runs/seed_008740,18.83869290072471,2.5802124748006463,0.2630229080095887,15.988950131461024,14.842515625059605,12239,0.0012127229042454126,203
1232,40.3842,44.6579,5.9787000000000035,15.457144925437973,127,7856,11.599537952803075,8,max_no_improve,0.49205299346776377,187.44543307086607,42.9565,/var/tmp/anderson_oliveira/wqi-metaheuristics/results/grasp/av_paulista/elderly/dataset_hex177_impacts1328/run_20260704_231618_budget100_seeds100/seed_runs/seed_001232,11.599537952803075,1.521338420920074,0.15531892143189907,9.918143758550286,9.227681293152273,7856,0.0011746030159307883,127
2286,37.0967,45.38799999999999,6.7087999999999965,17.344722745041256,190,12463,18.810888823121786,9,max_no_improve,0.6598142623225441,198.41689473684207,44.0187,/var/tmp/anderson_oliveira/wqi-metaheuristics/results/grasp/av_paulista/elderly/dataset_hex177_impacts1328/run_20260704_231618_budget100_seeds100/seed_runs/seed_002286,18.810888823121786,2.3870096132159233,0.24167234171181917,16.17593484558165,15.00416181050241,12463,0.0012038964784163051,190
7619,42.8382,45.1769,6.497700000000009,16.79895137438212,114,7554,11.286381592042744,6,max_no_improve,0.48379876249926346,219.77087719298243,43.4704,/var/tmp/anderson_oliveira/wqi-metaheuristics/results/grasp/av_paulista/elderly/dataset_hex177_impacts1328/run_20260704_231618_budget100_seeds100/seed_runs/seed_007619,11.286381592042744,1.4194806283339858,0.14368304703384638,9.719199968501925,9.016146245412529,7554,0.0011935592064353361,114
1845,44.4862,46.243100000000005,7.563900000000011,19.555471674698577,274,18161,27.95530664920807,5,max_no_improve,0.5290483519363868,202.9544890510949,44.0901,/var/tmp/anderson_oliveira/wqi-metaheuristics/results/grasp/av_paulista/elderly/dataset_hex177_impacts1328/run_20260704_231618_budget100_seeds100/seed_runs/seed_001845,27.95530664920807,3.578342843800783,0.35748604591935873,24.009413158521056,22.214952524751425,18161,0.0012232229791724809,274
6815,42.308800000000005,44.768299999999996,6.089100000000002,15.742569649837646,163,9954,15.087748428806663,5,max_no_improve,0.5313661638302456,204.64312883435585,43.1832,/var/tmp/anderson_oliveira/wqi-metaheuristics/results/grasp/av_paulista/elderly/dataset_hex177_impacts1328/run_20260704_231618_budget100_seeds100/seed_runs/seed_006815,15.087748428806663,2.0392769342288375,0.20715806167572737,12.836050547659397,11.924209776334465,9954,0.0011979314623603039,163
7477,44.0339,45.008399999999995,6.3292,16.36331671802933,126,7841,11.552877406589687,2,max_no_improve,0.5007030718422056,182.8733333333333,43.223499999999994,/var/tmp/anderson_oliveira/wqi-metaheuristics/results/grasp/av_paulista/elderly/dataset_hex177_impacts1328/run_20260704_231618_budget100_seeds100/seed_runs/seed_007477,11.552877406589687,1.506224219687283,0.15411536861211061,9.888258234597743,9.201595759019256,7841,0.0011735232443590429,126
1561,41.5759,44.674200000000006,5.995000000000012,15.499286438189033,106,6647,9.978405334055424,5,max_no_improve,0.5804855350437795,186.57339622641504,43.253,/var/tmp/anderson_oliveira/wqi-metaheuristics/results/grasp/av_paulista/elderly/dataset_hex177_impacts1328/run_20260704_231618_budget100_seeds100/seed_runs/seed_001561,9.978405334055424,1.3018777687102556,0.13284792937338352,8.539912037551403,7.931998265907168,6647,0.001193320033986335,106
2843,42.3013,44.4237,5.744500000000002,14.85165153364083,262,16572,25.155517590232193,10,max_no_improve,0.5678743424067157,192.56885496183207,43.4864,/var/tmp/anderson_oliveira/wqi-metaheuristics/results/grasp/av_paulista/elderly/dataset_hex177_impacts1328/run_20260704_231618_budget100_seeds100/seed_runs/seed_002843,25.155517590232193,3.305494025349617,0.3340142574161291,21.50780670903623,19.958561785519123,16572,0.0012043544403523487,262
71,38.520799999999994,45.0865,6.407300000000006,16.565234027591078,179,11185,16.962941981852055,13,max_no_improve,0.5626894669123121,158.3858659217877,43.373599999999996,/var/tmp/anderson_oliveira/wqi-metaheuristics/results/grasp/av_paulista/elderly/dataset_hex177_impacts1328/run_20260704_231618_budget100_seeds100/seed_runs/seed_000071,16.962941981852055,2.229989418759942,0.2279464928433299,14.498997730202973,13.45678894687444,11185,0.0012031103215801914,179
4821,41.4032,44.088499999999996,5.409300000000002,13.985035884920068,111,6962,10.739725803025067,4,max_no_improve,0.5074062944930748,231.1703603603604,43.3896,/var/tmp/anderson_oliveira/wqi-metaheuristics/results/grasp/av_paulista/elderly/dataset_hex177_impacts1328/run_20260704_231618_budget100_seeds100/seed_runs/seed_004821,10.739725803025067,1.4362690029665828,0.1447618342936039,9.155003238469362,8.487855247221887,6962,0.0012191690961249478,111
9748,40.7251,44.6327,5.953500000000005,15.391993629651097,161,9695,14.728770694695413,5,max_no_improve,0.5465375395173862,226.27658385093167,43.0518,/var/tmp/anderson_oliveira/wqi-metaheuristics/results/grasp/av_paulista/elderly/dataset_hex177_impacts1328/run_20260704_231618_budget100_seeds100/seed_runs/seed_009748,14.728770694695413,2.0071553522720933,0.2058543311432004,12.510409826412797,11.62372226640582,9695,0.0011989398933889448,161
3106,39.336200000000005,44.9711,6.291900000000005,16.266882458789237,112,6937,10.311478890478611,6,max_no_improve,0.6299873220932523,181.52982142857144,43.1183,/var/tmp/anderson_oliveira/wqi-metaheuristics/results/grasp/av_paulista/elderly/dataset_hex177_impacts1328/run_20260704_231618_budget100_seeds100/seed_runs/seed_003106,10.311478890478611,1.3648224771022797,0.13700443413108587,8.805618803948164,8.185085487551987,6937,0.0011799171814259749,112
