run_id,location,key_location,walking_profile,method_code,h3_id,latitude,longitude,iqc_baseline,iqc_optimized,delta_iqc,iqc_pipeline
27a9f939,BK Avenida Paulista,av_paulista,average_adult,B,89a8100c533ffff,-23.56576864913737,-46.6567893539234,0.4011,0.4163,0.015199999999999991,0.4011
27a9f939,BK Avenida Paulista,av_paulista,average_adult,B,89a8100c507ffff,-23.56744353691216,-46.653778245001,0.4226,0.4602,0.03760000000000002,0.4226
27a9f939,BK Avenida Paulista,av_paulista,average_adult,B,89a8100c53bffff,-23.56437752801225,-46.65368774570448,0.4541,0.5001,0.045999999999999985,0.4541
27a9f939,BK Avenida Paulista,av_paulista,average_adult,B,89a8100c523ffff,-23.56270259259935,-46.65669884087957,0.4873,0.5275,0.04019999999999996,0.4873
27a9f939,BK Avenida Paulista,av_paulista,average_adult,B,89a8100c537ffff,-23.564093683407,-46.6598004219522,0.3947,0.4026,0.007900000000000018,0.3947
27a9f939,BK Avenida Paulista,av_paulista,average_adult,B,89a8100c5afffff,-23.5671596736491,-46.659890949606016,0.3614,0.3727,0.011299999999999977,0.3614
27a9f939,BK Avenida Paulista,av_paulista,average_adult,B,89a8100c5abffff,-23.568834591745016,-46.65687986783067,0.4271,0.4442,0.017100000000000004,0.4271
27a9f939,BK Avenida Paulista,av_paulista,average_adult,B,89a8100c517ffff,-23.57050943187497,-46.65386874516083,0.3124,0.3327,0.020299999999999985,0.3124
27a9f939,BK Avenida Paulista,av_paulista,average_adult,B,89a8100c503ffff,-23.569118346717044,-46.65076709520078,0.4736,0.5075,0.03389999999999993,0.4736
27a9f939,BK Avenida Paulista,av_paulista,average_adult,B,89a8100c50fffff,-23.56605238546562,-46.65067660965246,0.5053,0.548,0.04270000000000007,0.5053
27a9f939,BK Avenida Paulista,av_paulista,average_adult,B,89a8100c577ffff,-23.56298631028164,-46.650586124967326,0.3355,0.3662,0.030700000000000005,0.3355
27a9f939,BK Avenida Paulista,av_paulista,average_adult,B,89a8100c52bffff,-23.56131140518649,-46.65359724727126,0.4665,0.5018,0.0353,0.4665
27a9f939,BK Avenida Paulista,av_paulista,average_adult,B,89a8100c52fffff,-23.55963642214217,-46.656608328699136,0.4966,0.5246,0.02799999999999997,0.4966
27a9f939,BK Avenida Paulista,av_paulista,average_adult,B,89a8100c527ffff,-23.56102757924122,-46.65970989516193,0.4917,0.5184,0.026699999999999946,0.4917
27a9f939,BK Avenida Paulista,av_paulista,average_adult,B,89a8100eacbffff,-23.56241863973535,-46.6628114490716,0.3961,0.4265,0.030399999999999983,0.3961
27a9f939,BK Avenida Paulista,av_paulista,average_adult,B,89a8100eadbffff,-23.565484677601557,-46.66290199047109,0.2797,0.2754,-0.004300000000000026,0.2797
27a9f939,BK Avenida Paulista,av_paulista,average_adult,B,89a8100c5a7ffff,-23.56855060153956,-46.66299253273421,0.3866,0.3948,0.008199999999999985,0.3866
27a9f939,BK Avenida Paulista,av_paulista,average_adult,B,89a8100c5a3ffff,-23.57022554995629,-46.65998147812337,0.3639,0.3916,0.027700000000000002,0.3639
27a9f939,BK Avenida Paulista,av_paulista,average_adult,B,89a8100c5bbffff,-23.571900420411044,-46.65697038260136,0.3479,0.3635,0.015600000000000003,0.3479
27a9f939,BK Avenida Paulista,av_paulista,average_adult,B,89a8100c58fffff,-23.573575212889487,-46.65395924618397,0.2757,0.3051,0.02939999999999998,0.2757
27a9f939,BK Avenida Paulista,av_paulista,average_adult,B,89a8100c513ffff,-23.57218419402469,-46.65085758161229,0.3366,0.3677,0.031100000000000017,0.3366
27a9f939,BK Avenida Paulista,av_paulista,average_adult,B,89a8100c51bffff,-23.570793078537744,-46.64775590453856,0.5452,0.5578,0.012599999999999945,0.5452
27a9f939,BK Avenida Paulista,av_paulista,average_adult,B,89a8100c50bffff,-23.567727164945136,-46.64766543273932,0.4599,0.4777,0.017800000000000038,0.4599
27a9f939,BK Avenida Paulista,av_paulista,average_adult,B,89a8100c573ffff,-23.564661137413285,-46.647574961803166,0.5143,0.5299,0.015600000000000058,0.5143
27a9f939,BK Avenida Paulista,av_paulista,average_adult,B,89a8100c563ffff,-23.5615949959534,-46.64748449173007,0.3041,0.3005,-0.003599999999999992,0.3041
27a9f939,BK Avenida Paulista,av_paulista,average_adult,B,89a8100c567ffff,-23.55992012117632,-46.65049564114537,0.1635,0.1798,0.01629999999999998,0.1635
27a9f939,BK Avenida Paulista,av_paulista,average_adult,B,89a8100c193ffff,-23.558245168446117,-46.65350674970132,0.1607,0.1701,0.009399999999999992,0.1607
27a9f939,BK Avenida Paulista,av_paulista,average_adult,B,89a8100c197ffff,-23.556570137777086,-46.6565178173821,0.6098,0.633,0.0232,0.6098
27a9f939,BK Avenida Paulista,av_paulista,average_adult,B,89a8100ea5bffff,-23.55796136116299,-46.65961936923517,0.6428,0.6768,0.03399999999999992,0.6428
27a9f939,BK Avenida Paulista,av_paulista,average_adult,B,89a8100ea53ffff,-23.55935248795216,-46.662720908535775,0.5728,0.6363,0.0635,0.5728
27a9f939,BK Avenida Paulista,av_paulista,average_adult,B,89a8100eacfffff,-23.560743518136725,-46.66582243526581,0.523,0.6036,0.0806,0.523
27a9f939,BK Avenida Paulista,av_paulista,average_adult,B,89a8100eac3ffff,-23.563809603616686,-46.665912990410064,0.4486,0.493,0.044399999999999995,0.4486
27a9f939,BK Avenida Paulista,av_paulista,average_adult,B,89a8100ead3ffff,-23.566875575175136,-46.66600354641809,0.357,0.3673,0.010300000000000031,0.357
27a9f939,BK Avenida Paulista,av_paulista,average_adult,B,89a8100ee6bffff,-23.56994143280086,-46.66609410328988,0.2263,0.2365,0.010199999999999987,0.2263
27a9f939,BK Avenida Paulista,av_paulista,average_adult,B,89a8100c5b7ffff,-23.571616411538123,-46.663083075861,0.2938,0.3353,0.04149999999999998,0.2938
27a9f939,BK Avenida Paulista,av_paulista,average_adult,B,89a8100c5b3ffff,-23.573291312317348,-46.66007200750427,0.3217,0.3491,0.027400000000000035,0.3217
27a9f939,BK Avenida Paulista,av_paulista,average_adult,B,89a8100c587ffff,-23.57496613512423,-46.657060898235486,0.2925,0.3242,0.031700000000000006,0.2925
27a9f939,BK Avenida Paulista,av_paulista,average_adult,B,89a8100c583ffff,-23.57664087994445,-46.65404974807046,0.0829,0.1019,0.019000000000000003,0.0829
27a9f939,BK Avenida Paulista,av_paulista,average_adult,B,89a8100c58bffff,-23.575249927377325,-46.65094806888703,0.2186,0.2742,0.05560000000000001,0.2186
27a9f939,BK Avenida Paulista,av_paulista,average_adult,B,89a8100c5c7ffff,-23.57385887817985,-46.647846377200885,0.3923,0.4081,0.015800000000000036,0.3923
27a9f939,BK Avenida Paulista,av_paulista,average_adult,B,89a8100c5cfffff,-23.57246773235992,-46.64474467303014,0.5297,0.5245,-0.005199999999999982,0.5297
27a9f939,BK Avenida Paulista,av_paulista,average_adult,B,89a8100c557ffff,-23.5694018664365,-46.64465421498086,0.4493,0.4539,0.0046000000000000485,0.4493
27a9f939,BK Avenida Paulista,av_paulista,average_adult,B,89a8100c547ffff,-23.56633588656713,-46.64456375779456,0.4006,0.3963,-0.004300000000000026,0.4006
27a9f939,BK Avenida Paulista,av_paulista,average_adult,B,89a8100c57bffff,-23.563269792763037,-46.64447330147121,0.3952,0.3947,-0.0005000000000000004,0.3952
27a9f939,BK Avenida Paulista,av_paulista,average_adult,B,89a8100c56bffff,-23.560203585035445,-46.6443828460108,0.3386,0.3755,0.03689999999999999,0.3386
27a9f939,BK Avenida Paulista,av_paulista,average_adult,B,89a8100c56fffff,-23.55852874057672,-46.647394022520025,0.3384,0.348,0.009599999999999997,0.3384
27a9f939,BK Avenida Paulista,av_paulista,average_adult,B,89a8100c19bffff,-23.556853818160917,-46.65040515818658,0.2547,0.2627,0.008000000000000007,0.2547
27a9f939,BK Avenida Paulista,av_paulista,average_adult,B,89a8100c183ffff,-23.55517881780235,-46.653416252994646,0.3061,0.302,-0.0040999999999999925,0.3061
27a9f939,BK Avenida Paulista,av_paulista,average_adult,B,89a8100c187ffff,-23.55350373951532,-46.65642730692844,0.4584,0.486,0.027600000000000013,0.4584
27a9f939,BK Avenida Paulista,av_paulista,average_adult,B,89a8100ea4bffff,-23.55489502918356,-46.65952884417191,0.6708,0.738,0.06720000000000004,0.6708
27a9f939,BK Avenida Paulista,av_paulista,average_adult,B,89a8100ea43ffff,-23.55628622226325,-46.66263036886356,0.5719,0.686,0.11410000000000009,0.5719
27a9f939,BK Avenida Paulista,av_paulista,average_adult,B,89a8100ea57ffff,-23.557677318746517,-46.6657318809853,0.4681,0.5768,0.10869999999999996,0.4681
27a9f939,BK Avenida Paulista,av_paulista,average_adult,B,89a8100ea1bffff,-23.559068318625474,-46.668833380519,0.3852,0.4927,0.10750000000000004,0.3852
27a9f939,BK Avenida Paulista,av_paulista,average_adult,B,89a8100eac7ffff,-23.562134451708808,-46.66892394940717,0.3548,0.4343,0.07950000000000002,0.3548
27a9f939,BK Avenida Paulista,av_paulista,average_adult,B,89a8100ead7ffff,-23.56520047087735,-46.66901451915919,0.383,0.4372,0.05419999999999997,0.383
27a9f939,BK Avenida Paulista,av_paulista,average_adult,B,89a8100ee6fffff,-23.568266376119865,-46.66910508977511,0.2343,0.272,0.03770000000000001,0.2343
27a9f939,BK Avenida Paulista,av_paulista,average_adult,B,89a8100ee63ffff,-23.57133216742512,-46.669195661254925,0.2558,0.2902,0.034399999999999986,0.2558
27a9f939,BK Avenida Paulista,av_paulista,average_adult,B,89a8100ee7bffff,-23.57300717648261,-46.66618466102546,0.2285,0.2531,0.024599999999999983,0.2285
27a9f939,BK Avenida Paulista,av_paulista,average_adult,B,89a8100ee4fffff,-23.574682107586028,-46.66317361985146,0.2856,0.3057,0.020100000000000007,0.2856
27a9f939,BK Avenida Paulista,av_paulista,average_adult,B,89a8100ee4bffff,-23.576356960721043,-46.66016253774874,0.2837,0.3304,0.04670000000000002,0.2837
27a9f939,BK Avenida Paulista,av_paulista,average_adult,B,89a8100c597ffff,-23.57803173587336,-46.65715141473308,0.2417,0.3339,0.09219999999999998,0.2417
27a9f939,BK Avenida Paulista,av_paulista,average_adult,B,89a8100c593ffff,-23.579706433028655,-46.65414025082029,0.2215,0.3267,0.10519999999999999,0.2215
27a9f939,BK Avenida Paulista,av_paulista,average_adult,B,89a8100c59bffff,-23.57831554676372,-46.65103855702498,0.2226,0.3045,0.0819,0.2226
27a9f939,BK Avenida Paulista,av_paulista,average_adult,B,89a8100c5d7ffff,-23.576924563860256,-46.64793685072631,0.2791,0.3063,0.027200000000000002,0.2791
27a9f939,BK Avenida Paulista,av_paulista,average_adult,B,89a8100c5c3ffff,-23.57553348432615,-46.64483513194239,0.4905,0.4761,-0.014399999999999968,0.4905
27a9f939,BK Avenida Paulista,av_paulista,average_adult,B,89a8100c5cbffff,-23.574142308169296,-46.64173340069132,0.4933,0.4926,-0.0007000000000000339,0.4933
27a9f939,BK Avenida Paulista,av_paulista,average_adult,B,89a8100c553ffff,-23.571076489925424,-46.641642956392886,0.2122,0.214,0.001799999999999996,0.2122
27a9f939,BK Avenida Paulista,av_paulista,average_adult,B,89a8100c543ffff,-23.568010557728897,-46.64155251295731,0.0974,0.0959,-0.0015000000000000013,0.0974
27a9f939,BK Avenida Paulista,av_paulista,average_adult,B,89a8100c54fffff,-23.56494451159094,-46.64146207038459,0.2265,0.2199,-0.006599999999999995,0.2265
27a9f939,BK Avenida Paulista,av_paulista,average_adult,B,89a8100c0b7ffff,-23.56187835152279,-46.64137162867469,0.3716,0.3943,0.022699999999999998,0.3716
27a9f939,BK Avenida Paulista,av_paulista,average_adult,B,89a8100c0a7ffff,-23.55881207753568,-46.64128118782762,0.4781,0.5479,0.06980000000000003,0.4781
27a9f939,BK Avenida Paulista,av_paulista,average_adult,B,89a8100c1d3ffff,-23.5571372633956,-46.64429239141332,0.4417,0.4948,0.053100000000000036,0.4417
27a9f939,BK Avenida Paulista,av_paulista,average_adult,B,89a8100c1d7ffff,-23.55546237129449,-46.64730355417303,0.3728,0.3978,0.024999999999999967,0.3728
27a9f939,BK Avenida Paulista,av_paulista,average_adult,B,89a8100c18bffff,-23.55378740124668,-46.65031467609093,0.2787,0.2765,-0.0021999999999999797,0.2787
27a9f939,BK Avenida Paulista,av_paulista,average_adult,B,89a8100c18fffff,-23.552112353266452,-46.65332575715125,0.3635,0.378,0.014500000000000013,0.3635
27a9f939,BK Avenida Paulista,av_paulista,average_adult,B,89a8100c1bbffff,-23.550437227368132,-46.65633679733816,0.1899,0.2273,0.03739999999999999,0.1899
27a9f939,BK Avenida Paulista,av_paulista,average_adult,B,89a8100c1b3ffff,-23.55182858331416,-46.65943831997215,0.2944,0.3717,0.07729999999999998,0.2944
27a9f939,BK Avenida Paulista,av_paulista,average_adult,B,89a8100ea4fffff,-23.553219842679823,-46.66253983005497,0.3032,0.4029,0.09969999999999996,0.3032
27a9f939,BK Avenida Paulista,av_paulista,average_adult,B,89a8100ea47ffff,-23.55461100545727,-46.66564132756852,0.1849,0.2802,0.0953,0.1849
27a9f939,BK Avenida Paulista,av_paulista,average_adult,B,89a8100ea0bffff,-23.556002071638574,-46.6687428124947,0.2134,0.2738,0.06039999999999998,0.2134
27a9f939,BK Avenida Paulista,av_paulista,average_adult,B,89a8100ea03ffff,-23.557393041215875,-46.6718442848154,0.1571,0.1637,0.0066000000000000225,0.1571
27a9f939,BK Avenida Paulista,av_paulista,average_adult,B,89a8100ea13ffff,-23.56045922189223,-46.67193486744658,0.3496,0.4555,0.1059,0.3496
27a9f939,BK Avenida Paulista,av_paulista,average_adult,B,89a8100ea8bffff,-23.5635252886605,-46.67202545094175,0.2921,0.3599,0.06779999999999997,0.2921
27a9f939,BK Avenida Paulista,av_paulista,average_adult,B,89a8100ea9bffff,-23.56659124150946,-46.6721160353009,0.2025,0.2624,0.05990000000000001,0.2025
27a9f939,BK Avenida Paulista,av_paulista,average_adult,B,89a8100ee67ffff,-23.569657080427845,-46.67220662052407,0.1758,0.2329,0.057099999999999984,0.1758
27a9f939,BK Avenida Paulista,av_paulista,average_adult,B,89a8100ee77ffff,-23.57272280540448,-46.672297206611255,0.1391,0.1741,0.035,0.1391
27a9f939,BK Avenida Paulista,av_paulista,average_adult,B,89a8100ee73ffff,-23.57439784478189,-46.66928623359865,0.2174,0.2416,0.0242,0.2174
27a9f939,BK Avenida Paulista,av_paulista,average_adult,B,89a8100ee47ffff,-23.57607280620919,-46.66627521962484,0.2859,0.3116,0.0257,0.2859
27a9f939,BK Avenida Paulista,av_paulista,average_adult,B,89a8100ee43ffff,-23.577747689672048,-46.663264164705616,0.3258,0.3733,0.04750000000000004,0.3258
27a9f939,BK Avenida Paulista,av_paulista,average_adult,B,89a8100ee5bffff,-23.579422495156148,-46.660253068856775,0.3086,0.408,0.09939999999999999,0.3086
27a9f939,BK Avenida Paulista,av_paulista,average_adult,B,89a8100e32fffff,-23.581097222647195,-46.65724193209413,0.255,0.3574,0.10239999999999999,0.255
27a9f939,BK Avenida Paulista,av_paulista,average_adult,B,89a8100e32bffff,-23.582771872130888,-46.65423075443347,0.176,0.3011,0.1251,0.176
27a9f939,BK Avenida Paulista,av_paulista,average_adult,B,89a8100e367ffff,-23.58138105217266,-46.65112904602616,0.1924,0.3139,0.12150000000000002,0.1924
27a9f939,BK Avenida Paulista,av_paulista,average_adult,B,89a8100e36fffff,-23.579990135567723,-46.648027325114846,0.1657,0.2262,0.060500000000000026,0.1657
27a9f939,BK Avenida Paulista,av_paulista,average_adult,B,89a8100c5d3ffff,-23.578599122323972,-46.64492559171763,0.2096,0.2176,0.00799999999999998,0.2096
27a9f939,BK Avenida Paulista,av_paulista,average_adult,B,89a8100c5dbffff,-23.577208012449287,-46.6418238458526,0.4567,0.4799,0.0232,0.4567
27a9f939,BK Avenida Paulista,av_paulista,average_adult,B,89a8100c437ffff,-23.57581680595156,-46.63872208753791,0.2264,0.2409,0.014500000000000013,0.2264
27a9f939,BK Avenida Paulista,av_paulista,average_adult,B,89a8100c427ffff,-23.572751035397584,-46.6386316569912,0.1795,0.1828,0.0032999999999999974,0.1795
27a9f939,BK Avenida Paulista,av_paulista,average_adult,B,89a8100c55bffff,-23.56968515088425,-46.63854122730724,0.1829,0.1797,-0.0032000000000000084,0.1829
27a9f939,BK Avenida Paulista,av_paulista,average_adult,B,89a8100c54bffff,-23.566619152422792,-46.63845079848602,0.1469,0.1421,-0.004799999999999999,0.1469
27a9f939,BK Avenida Paulista,av_paulista,average_adult,B,89a8100c0b3ffff,-23.563553040024438,-46.63836037052752,0.3229,0.3336,0.010699999999999987,0.3229
27a9f939,BK Avenida Paulista,av_paulista,average_adult,B,89a8100c0a3ffff,-23.56048681370042,-46.63826994343173,0.3404,0.373,0.03260000000000002,0.3404
27a9f939,BK Avenida Paulista,av_paulista,average_adult,B,89a8100c0afffff,-23.55742047346198,-46.63817951719864,0.3325,0.3827,0.05019999999999997,0.3325
27a9f939,BK Avenida Paulista,av_paulista,average_adult,B,89a8100c1dbffff,-23.55574568964084,-46.64119074784335,0.3585,0.456,0.09750000000000003,0.3585
27a9f939,BK Avenida Paulista,av_paulista,average_adult,B,89a8100c1c3ffff,-23.554070827854726,-46.64420193767874,0.3729,0.4488,0.07589999999999997,0.3729
27a9f939,BK Avenida Paulista,av_paulista,average_adult,B,89a8100c1c7ffff,-23.552395888117957,-46.64721308668905,0.2734,0.3061,0.03270000000000001,0.2734
27a9f939,BK Avenida Paulista,av_paulista,average_adult,B,89a8100c113ffff,-23.55072087044482,-46.65022419485842,0.203,0.2206,0.017599999999999977,0.203
27a9f939,BK Avenida Paulista,av_paulista,average_adult,B,89a8100c117ffff,-23.549045774849663,-46.65323526217109,0.2214,0.2504,0.028999999999999998,0.2214
27a9f939,BK Avenida Paulista,av_paulista,average_adult,B,89a8100c1abffff,-23.547370601346756,-46.65624628861123,0.1821,0.2275,0.045399999999999996,0.1821
27a9f939,BK Avenida Paulista,av_paulista,average_adult,B,89a8100c1a3ffff,-23.54876202356604,-46.65934779663586,0.2107,0.281,0.07030000000000003,0.2107
27a9f939,BK Avenida Paulista,av_paulista,average_adult,B,89a8100c1b7ffff,-23.55015334921316,-46.662449292109976,0.1399,0.2277,0.08780000000000002,0.1399
27a9f939,BK Avenida Paulista,av_paulista,average_adult,B,89a8100ea7bffff,-23.551544578280232,-46.66555077501547,0.1453,0.2401,0.0948,0.1453
27a9f939,BK Avenida Paulista,av_paulista,average_adult,B,89a8100ea73ffff,-23.552935710759368,-46.66865224533424,0.0027,0.0024,-0.00030000000000000035,0.0027
27a9f939,BK Avenida Paulista,av_paulista,average_adult,B,89a8100ea0fffff,-23.554326746642676,-46.67175370304819,0.2402,0.2698,0.029599999999999987,0.2402
27a9f939,BK Avenida Paulista,av_paulista,average_adult,B,89a8100ea07ffff,-23.555717685922275,-46.67485514813922,0.2613,0.2776,0.016300000000000037,0.2613
27a9f939,BK Avenida Paulista,av_paulista,average_adult,B,89a8100ea17ffff,-23.558783914181284,-46.67494574451253,0.1354,0.1723,0.036900000000000016,0.1354
27a9f939,BK Avenida Paulista,av_paulista,average_adult,B,89a8100ea8fffff,-23.56185002853891,-46.67503634174995,0.1449,0.1884,0.04350000000000001,0.1449
27a9f939,BK Avenida Paulista,av_paulista,average_adult,B,89a8100ea83ffff,-23.56491602898394,-46.67512693985147,0.1155,0.1585,0.043,0.1155
27a9f939,BK Avenida Paulista,av_paulista,average_adult,B,89a8100ea93ffff,-23.56798191550513,-46.67521753881709,0.0904,0.1158,0.025400000000000006,0.0904
27a9f939,BK Avenida Paulista,av_paulista,average_adult,B,89a8100ee2bffff,-23.571047688091245,-46.675308138646855,0.1067,0.1428,0.03610000000000001,0.1067
27a9f939,BK Avenida Paulista,av_paulista,average_adult,B,89a8100ee3bffff,-23.57411334673105,-46.67539873934076,0.0917,0.1031,0.011399999999999993,0.0917
27a9f939,BK Avenida Paulista,av_paulista,average_adult,B,89a8100ee0fffff,-23.575788416428097,-46.67238779356246,0.1769,0.1848,0.00789999999999999,0.1769
27a9f939,BK Avenida Paulista,av_paulista,average_adult,B,89a8100ee0bffff,-23.577463408178968,-46.66937680680629,0.2531,0.2562,0.0030999999999999917,0.2531
27a9f939,BK Avenida Paulista,av_paulista,average_adult,B,89a8100ee57ffff,-23.579138321969364,-46.66636577908802,0.2962,0.3265,0.030299999999999994,0.2962
27a9f939,BK Avenida Paulista,av_paulista,average_adult,B,89a8100ee53ffff,-23.580813157784963,-46.66335471042346,0.3066,0.405,0.09840000000000004,0.3066
27a9f939,BK Avenida Paulista,av_paulista,average_adult,B,89a8100e327ffff,-23.58248791561145,-46.66034360082841,0.2633,0.3264,0.06310000000000004,0.2633
27a9f939,BK Avenida Paulista,av_paulista,average_adult,B,89a8100e323ffff,-23.58416259543454,-46.65733245031866,0.248,0.3092,0.06119999999999998,0.248
27a9f939,BK Avenida Paulista,av_paulista,average_adult,B,89a8100e377ffff,-23.58444644359292,-46.65121953589059,0.078,0.1203,0.042300000000000004,0.078
27a9f939,BK Avenida Paulista,av_paulista,average_adult,B,89a8100e363ffff,-23.58305559329104,-46.64811780036651,0.1441,0.1849,0.0408,0.1441
27a9f939,BK Avenida Paulista,av_paulista,average_adult,B,89a8100e36bffff,-23.58166464634217,-46.64501605235587,0.1441,0.1447,0.0005999999999999894,0.1441
27a9f939,BK Avenida Paulista,av_paulista,average_adult,B,89a8100c4a7ffff,-23.580273602754172,-46.64191429187679,0.208,0.39,0.18200000000000002,0.208
27a9f939,BK Avenida Paulista,av_paulista,average_adult,B,89a8100c4afffff,-23.57888246253497,-46.63881251894736,0.2632,0.3687,0.10550000000000004,0.2632
27a9f939,BK Avenida Paulista,av_paulista,average_adult,B,89a8100c433ffff,-23.57749122569243,-46.6357107335857,0.0753,0.1107,0.0354,0.0753
27a9f939,BK Avenida Paulista,av_paulista,average_adult,B,89a8100c423ffff,-23.57442550283869,-46.6356203167916,0.0374,0.0389,0.0014999999999999944,0.0374
27a9f939,BK Avenida Paulista,av_paulista,average_adult,B,89a8100c42fffff,-23.571359666018907,-46.63552990086014,0.0928,0.0887,-0.0040999999999999925,0.0928
27a9f939,BK Avenida Paulista,av_paulista,average_adult,B,89a8100c097ffff,-23.5682937152443,-46.6354394857913,0.1317,0.1254,-0.0063,0.1317
27a9f939,BK Avenida Paulista,av_paulista,average_adult,B,89a8100c087ffff,-23.565227650526097,-46.63534907158508,0.1331,0.13,-0.0030999999999999917,0.1331
27a9f939,BK Avenida Paulista,av_paulista,average_adult,B,89a8100c0bbffff,-23.56216147187554,-46.635258658241455,0.1864,0.1998,0.013399999999999995,0.1864
27a9f939,BK Avenida Paulista,av_paulista,average_adult,B,89a8100c0abffff,-23.55909517930385,-46.6351682457604,0.2103,0.2386,0.02830000000000002,0.2103
27a9f939,BK Avenida Paulista,av_paulista,average_adult,B,89a8100c033ffff,-23.55602877282228,-46.635077834141946,0.1762,0.1887,0.012500000000000011,0.1762
27a9f939,BK Avenida Paulista,av_paulista,average_adult,B,89a8100c037ffff,-23.55435401932036,-46.63808909182822,0.308,0.3789,0.07090000000000002,0.308
27a9f939,BK Avenida Paulista,av_paulista,average_adult,B,89a8100c1cbffff,-23.55267918784952,-46.64110030872187,0.3079,0.3962,0.08829999999999999,0.3079
27a9f939,BK Avenida Paulista,av_paulista,average_adult,B,89a8100c1cfffff,-23.551004278424088,-46.6441114848071,0.2531,0.2896,0.03650000000000003,0.2531
27a9f939,BK Avenida Paulista,av_paulista,average_adult,B,89a8100c11bffff,-23.54932929105835,-46.64712262006809,0.1318,0.1404,0.008599999999999997,0.1318
27a9f939,BK Avenida Paulista,av_paulista,average_adult,B,89a8100c103ffff,-23.54765422576662,-46.65013371448904,0.2158,0.2413,0.025499999999999995,0.2158
27a9f939,BK Avenida Paulista,av_paulista,average_adult,B,89a8100c1a7ffff,-23.54708674187449,-46.662358755028585,0.1247,0.1656,0.04089999999999999,0.1247
27a9f939,BK Avenida Paulista,av_paulista,average_adult,B,89a8100ea6bffff,-23.548478037226666,-46.665460223326136,0.0553,0.0859,0.030600000000000002,0.0553
27a9f939,BK Avenida Paulista,av_paulista,average_adult,B,89a8100ea63ffff,-23.54986923599909,-46.66856167903762,0.0663,0.0956,0.029300000000000007,0.0663
27a9f939,BK Avenida Paulista,av_paulista,average_adult,B,89a8100ea77ffff,-23.551260338183862,-46.671663122144935,0.0408,0.0392,-0.0016000000000000042,0.0408
27a9f939,BK Avenida Paulista,av_paulista,average_adult,B,89a8100ea3bffff,-23.55265134377313,-46.67476455262998,0.1659,0.1746,0.008700000000000013,0.1659
27a9f939,BK Avenida Paulista,av_paulista,average_adult,B,89a8100ee07ffff,-23.57717889141334,-46.67548934089881,0.0647,0.0645,-0.00019999999999999185,0.0647
27a9f939,BK Avenida Paulista,av_paulista,average_adult,B,89a8100ee03ffff,-23.57885391348749,-46.6724783813777,0.1564,0.1508,-0.005600000000000022,0.1564
27a9f939,BK Avenida Paulista,av_paulista,average_adult,B,89a8100ee1bffff,-23.580528857605117,-46.669467380877855,0.2482,0.26,0.011800000000000005,0.2482
27a9f939,BK Avenida Paulista,av_paulista,average_adult,B,89a8100eecfffff,-23.582203723751917,-46.66645633941503,0.2658,0.3298,0.064,0.2658
27a9f939,BK Avenida Paulista,av_paulista,average_adult,B,89a8100eecbffff,-23.583878511913557,-46.66344525700502,0.2665,0.3458,0.07929999999999998,0.2665
27a9f939,BK Avenida Paulista,av_paulista,average_adult,B,89a8100e37bffff,-23.58473005636952,-46.64510651385712,0.0761,0.0767,0.0006000000000000033,0.0761
27a9f939,BK Avenida Paulista,av_paulista,average_adult,B,89a8100c4b7ffff,-23.583339079072747,-46.64200473876385,0.1621,0.363,0.2009,0.1621
27a9f939,BK Avenida Paulista,av_paulista,average_adult,B,89a8100c4a3ffff,-23.581948005136574,-46.63890295121959,0.2595,0.4637,0.2042,0.2595
27a9f939,BK Avenida Paulista,av_paulista,average_adult,B,89a8100c4abffff,-23.580556834568903,-46.63580115124244,0.1687,0.3095,0.1408,0.1687
27a9f939,BK Avenida Paulista,av_paulista,average_adult,B,89a8100c023ffff,-23.55296225244205,-46.63498742338604,0.0817,0.0846,0.0029,0.0817
27a9f939,BK Avenida Paulista,av_paulista,average_adult,B,89a8100c027ffff,-23.551287451286797,-46.63799866732049,0.1695,0.2325,0.063,0.1695
27a9f939,BK Avenida Paulista,av_paulista,average_adult,B,89a8100c153ffff,-23.549612572172983,-46.64100987046318,0.213,0.2784,0.06539999999999999,0.213
27a9f939,BK Avenida Paulista,av_paulista,average_adult,B,89a8100c157ffff,-23.547937615114925,-46.64402103279834,0.0566,0.0531,-0.003499999999999996,0.0566
27a9f939,BK Avenida Paulista,av_paulista,average_adult,B,89a8100ea6fffff,-23.54680264736897,-46.66847111360483,0.0311,0.0489,0.0178,0.0311
27a9f939,BK Avenida Paulista,av_paulista,average_adult,B,89a8100ea67ffff,-23.5481938158507,-46.67157254210562,0.0408,0.0504,0.009599999999999997,0.0408
27a9f939,BK Avenida Paulista,av_paulista,average_adult,B,89a8100ea2bffff,-23.549584887745084,-46.674673957984815,0.0599,0.0589,-0.0010000000000000009,0.0599
27a9f939,BK Avenida Paulista,av_paulista,average_adult,B,89a8100ee17ffff,-23.580244322126884,-46.67557994332102,0.1039,0.1105,0.006599999999999995,0.1039
27a9f939,BK Avenida Paulista,av_paulista,average_adult,B,89a8100ee13ffff,-23.58191929657144,-46.67256897005701,0.1656,0.1749,0.009300000000000003,0.1656
27a9f939,BK Avenida Paulista,av_paulista,average_adult,B,89a8100eec7ffff,-23.58359419304913,-46.66955795581337,0.2219,0.2522,0.030299999999999994,0.2219
27a9f939,BK Avenida Paulista,av_paulista,average_adult,B,89a8100eec3ffff,-23.585269011545616,-46.666546900605866,0.2072,0.2581,0.0509,0.2072
27a9f939,BK Avenida Paulista,av_paulista,average_adult,B,89a8100c4b3ffff,-23.58501343374518,-46.63899338435459,0.133,0.2933,0.1603,0.133
27a9f939,BK Avenida Paulista,av_paulista,average_adult,B,89a8100c4bbffff,-23.58362232945688,-46.63589156976184,0.1331,0.2622,0.1291,0.1331
27a9f939,BK Avenida Paulista,av_paulista,average_adult,B,89a8100c02fffff,-23.549895618174432,-46.6348970134927,0.1247,0.1372,0.012499999999999983,0.1247
27a9f939,BK Avenida Paulista,av_paulista,average_adult,B,89a8100c15bffff,-23.548220769372534,-46.63790824367541,0.103,0.135,0.032000000000000015,0.103
27a9f939,BK Avenida Paulista,av_paulista,average_adult,B,89a8100c143ffff,-23.546545842622447,-46.64091943306727,0.1152,0.1451,0.02990000000000001,0.1152
27a9f939,BK Avenida Paulista,av_paulista,average_adult,B,89a8100ee8fffff,-23.58330963886047,-46.67567054660741,0.1111,0.1259,0.014800000000000008,0.1111
27a9f939,BK Avenida Paulista,av_paulista,average_adult,B,89a8100ee8bffff,-23.584984565668737,-46.67265955960039,0.1714,0.1795,0.008099999999999996,0.1714
